CustID,CustFname,CustLname,PhoneNumber,BirthDate,CustAddress,CustCity,CustState,CustPostalCode
1,Sheila,Raymond,001-799-411-423,1998-03-14,90208 Melissa Parkway Suite 103,North Makayla,RI,67383
2,Aimee,White,001-330-714-618,1993-04-18,637 Frances Points,North Christineland,CO,09376
3,William,Shaw,+1-546-298-6044,1949-03-10,51118 Benton Port,Jacobton,DC,91248
4,Michael,Young,+1-911-083-1853,1954-12-29,770 Jason Turnpike Suite 913,Crossmouth,VA,62367
5,Edward,King,001-857-301-392,1957-01-14,12370 Smith Path Suite 527,Judymouth,NC,92953
6,Michael,Blevins,6814742849,1958-07-21,6084 Russell Street,East Amandafort,IN,86086
7,Todd,Murphy,(858)368-8932x5,1961-04-26,1478 Elizabeth Center,Molinaville,AR,19340
8,Billy,Patrick,969-367-1665x81,1995-06-05,6956 Warner Crest,Lake Donnaborough,VA,07211
9,Michael,Smith,+1-322-501-9177,1985-10-11,021 Fernandez Locks Suite 059,North Wesley,IL,42571
10,Chad,Jackson,(129)232-0263x6,1953-06-27,90996 Susan Bridge,Kanetown,MI,70048
11,Melissa,Rodriguez,535.930.5602x36,1946-03-12,24738 Alison Pine,Robertsonfort,WI,72804
12,Craig,Schultz,997-823-3327x49,1993-11-16,877 Morgan Inlet Apt. 077,Sethchester,AZ,53039
13,Jesse,Rowland,(966)477-1985,1971-07-07,40319 Moore Shores Apt. 597,Melaniechester,OR,37931
14,Joseph,Wyatt,+1-299-379-6264,1982-03-20,9973 Samuel Center Suite 189,West Grant,OR,53549
15,Cheryl,Jackson,556-044-4734x20,1958-11-30,6394 George Springs Suite 353,Chapmanfurt,MS,18133
16,Daniel,Le,955.281.0114x43,1963-04-15,43174 Barnes Mall Suite 760,New Jerryport,DC,36008
17,Maria,Parker,204.372.4649x87,1970-11-23,324 Fry Unions,Christopherchester,IN,82097
18,Sean,Brown,372-476-2680,1969-08-06,5063 Marshall Hills,West Jennifer,CT,21433
19,Victoria,Carter,(799)442-3113x2,1963-06-02,4996 Wilson Points,Davisville,VA,13065
20,Kimberly,Gomez,001-421-505-180,2003-02-25,6331 Bridget Oval Suite 948,Davidhaven,IL,14982
21,Sara,Schultz,916-661-2877,1984-03-22,6063 Sherman Run Apt. 085,East Johnstad,NV,52628
22,Joseph,Cruz,(892)119-0066x7,1994-07-05,54456 Donna Trafficway Suite 887,Paulmouth,LA,90582
23,Valerie,Miller,(649)309-4288x9,1949-12-18,811 Sampson Row Apt. 697,Scotthaven,ME,76673
24,Craig,Alexander,5875638866,1994-12-20,321 Julie Shores,Clarkshire,TX,10639
25,Molly,Hernandez,618-644-0829,1999-12-12,960 Garrett Square Suite 891,New Charlestown,OR,74157
26,Robert,Roy,+1-805-725-2215,1972-08-10,305 Lori Forest,Mullinsmouth,MS,57483
27,Laurie,Delacruz,(534)645-8157x0,1944-07-02,04943 Bailey Vista,Port Andrewchester,NH,88382
28,Gary,Cooper,(626)584-9487,1948-10-08,899 Strickland Summit,Kennedymouth,HI,06202
29,Laura,Cooper,(931)709-8844x5,1949-06-14,91555 Kim Underpass,East Luisfurt,IL,39138
30,Nicholas,Jones,873-350-4664x04,1969-03-02,052 Mitchell Union,West Philip,AZ,50751
31,Kaitlin,Jones,001-869-903-852,1959-12-03,68466 Nancy Flat Apt. 391,Lake Anthony,KS,31952
32,Danielle,Ruiz,001-707-091-857,1967-04-13,866 Shelby Place,New Ryan,AL,03984
33,Jorge,Weber,2541837743,1961-08-28,179 Yvonne Junctions Apt. 544,North Melissaland,UT,49058
34,Megan,Wilson,+1-697-518-3809,1972-08-21,26214 Shawn Plaza Apt. 993,Bowerstown,MS,92030
35,Dale,Olsen,350.774.4581x83,1996-03-18,84229 Amy Meadow,Bryanttown,AZ,44029
36,Joseph,Kim,250-055-7346x08,1969-08-06,174 Melissa Courts,Jordanstad,VA,91030
37,Rodney,Munoz,001-750-546-868,1997-10-02,171 Chapman Views Suite 099,Williamsshire,MS,41211
38,Emily,Wheeler,376.330.3566,1980-05-08,45691 Larsen Ports Suite 828,Marioport,AL,65064
39,David,Brown,974.102.3504,2006-10-02,22960 David Way Suite 245,Lake Theodore,NM,35354
40,Ronald,Solomon,432.165.5297,1984-03-10,9705 Oconnell View Suite 044,Hannahshire,OK,63336
41,Mary,Rocha,001-354-332-347,1992-06-23,17072 Logan Haven Apt. 555,East Lorifurt,GA,56342
42,Nathan,Gutierrez,(746)053-0443,1998-02-17,899 Adrienne Mill,North Louisbury,IL,34757
43,Danielle,Perez,761.975.5408,1996-03-21,28477 Martinez Orchard,Josephhaven,DC,06973
44,Justin,Hernandez,(678)573-5029,1971-07-11,741 Gina Fords,Thomasberg,DC,45549
45,Cathy,Spence,001-045-587-261,1986-04-30,139 Cynthia Underpass Apt. 500,Lake Clayton,LA,94429
46,Margaret,Lam,(204)076-9472x3,1992-01-17,10043 Kristina Drive Apt. 303,Medinachester,IN,16540
47,Michael,Madden,(529)070-6265,1951-08-29,21502 Rivera Bridge Suite 244,Lake Nancy,RI,25557
48,Allison,Vaughn,001-682-741-611,1953-01-18,21539 Denise Corner Apt. 434,Guzmanfort,NV,90891
49,Scott,Vasquez,330-207-0601,1964-09-08,02598 Emily Shore Apt. 009,Lake Paula,WA,36831
50,Brian,Caldwell,245.562.7848x69,1993-03-19,67325 Ramos Skyway Suite 253,Jenniferport,MN,90192
51,Emily,Diaz,384.778.9018x51,1962-01-16,12012 Alexandra Highway Apt. 362,South Chris,CO,76435
52,Travis,Chaney,775-239-9158,1960-02-23,08505 Hendricks Mountains Apt. 446,North Peggy,WY,27785
53,Amber,Reynolds,(697)234-6500,1976-03-26,76066 Fields Ridge Suite 294,South Samuel,GA,52659
54,Holly,Collins,030-227-6416x50,1958-01-29,98952 Brittany Walk Suite 174,East Tinaside,CA,25530
55,Robert,Wilson,+1-324-340-6112,1956-02-10,440 Woodward Estates,Camposfurt,AR,87758
56,Kimberly,Pratt,+1-526-741-6659,1947-12-07,018 Hicks Trace,Port Vanessa,VT,44190
57,Adam,Davidson,334-685-6945,2005-03-02,28946 Manuel Gateway,Tammyton,MN,36055
58,Robert,Wolfe,001-806-176-326,1948-10-02,97239 Megan Union Apt. 726,Briannashire,IL,34466
59,Christine,Noble,+1-833-042-5150,1990-06-05,1085 Davis Club,Larryton,MA,86470
60,Joseph,Robinson,708-598-8012x98,1985-05-16,6037 Brown Loaf Suite 411,Wisemouth,NM,03250
61,Stacy,Porter,+1-734-100-5659,1992-01-08,307 Angela Turnpike Apt. 512,East Christinaport,HI,20471
62,Tyler,Cohen,001-473-142-459,1961-11-08,04543 Gardner Port,North Thomasmouth,CO,25842
63,Alisha,Gonzalez,001-276-781-465,1962-11-05,5395 Ingram Plaza Suite 406,Lake Deanna,AZ,04974
64,John,Alexander,001-227-591-244,1999-09-06,4128 Michael Mews,Tracymouth,NJ,55853
65,Richard,Flores,(448)448-2689x4,1962-05-09,6124 Tony Springs,Lake David,FL,90080
66,Alicia,Baker,781.276.2527x11,2004-05-04,6234 Herrera Locks Suite 192,Lake Carlosberg,GA,00732
67,Desiree,Gomez,(198)842-4078x1,1958-02-15,762 Torres Mission Apt. 250,East Daniel,IA,73253
68,Charles,Leonard,112-083-9402x28,1963-08-18,17360 Scott Vista,Mccartyland,OK,60134
69,Robert,Robinson,001-566-783-131,1962-07-24,42514 White Meadows,Lake Shawn,NH,63232
70,Patricia,Ford,8395877355,1961-12-19,791 Mann Alley,Josephhaven,AR,44080
71,Bradley,Williams,3604458047,1993-01-05,6347 Angela Oval,West Kimberlyland,DC,98151
72,Ashley,Freeman,179-154-0082x92,1972-05-03,24860 Derrick Plains,East Lacey,PA,29081
73,Douglas,Stone,577-684-6742x05,1949-09-28,204 Hamilton Brooks Apt. 631,Sarahberg,DE,35991
74,Gary,Morgan,+1-882-201-8608,1973-09-25,4413 Ho Unions,New Amberchester,NV,37762
75,Michael,Reed,154.959.3284,1986-08-03,158 Fletcher Islands,Kimberlyberg,KY,98952
76,Mitchell,Small,8993940911,1997-05-06,241 Jennifer Falls Apt. 571,Timothystad,ND,50565
77,Kayla,Snow,652.451.6096x93,2002-06-30,090 Berg Crest Suite 896,Kevinburgh,SD,15108
78,Juan,Gonzalez,1621253930,1953-06-21,387 Patricia Divide Apt. 439,Joburgh,AL,97365
79,Jessica,Mckinney,345.253.6624x80,1958-05-25,2684 Elizabeth Cliffs,Lake Cherylmouth,MN,32795
80,Raymond,Jennings,595.605.6353,1964-02-13,90839 Miller Burgs,South Reneeburgh,MO,56783
81,Christy,Wilson,6004106649,1971-12-27,6984 Torres Ways Suite 835,New Natashaton,NM,25476
82,Angela,Wood,084-910-2176x51,1971-06-05,7731 Yu Stream,Mirandamouth,VT,81873
83,Christine,Cook,949-540-2915x75,1976-07-12,976 Kim River Suite 500,Gomezmouth,TN,24244
84,Corey,Knight,001-020-549-749,1977-02-07,32843 Patricia Estate Apt. 836,New Dannyview,NC,30100
85,Michael,Wilkins,(580)539-8185x5,1945-09-22,62199 Mary Stravenue Suite 368,South Michael,CO,33825
86,Melissa,Mcknight,827.344.2431x39,1967-02-18,90805 Jillian Crescent,Lorichester,WY,46814
87,Eric,Adams,+1-886-998-0741,1988-11-18,0897 Mccarty Village Apt. 801,Davidshire,NV,88135
88,Thomas,Hubbard,(266)267-5964,1978-12-11,44166 Mark Knoll,Rogersborough,NM,65177
89,Michael,Gonzalez,499.335.4020,2002-01-18,0631 Tricia Divide Apt. 851,Faithview,DC,01089
90,Virginia,Wise,546.467.5138x53,1983-04-30,373 Gray Forks Apt. 029,Stanleybury,NH,18312
91,Edward,Robbins,(049)007-9176x7,2006-01-18,067 Clark River,Port Emily,NE,28161
92,Timothy,Smith,(909)814-5807,1952-10-23,849 Nicole Mountains,New Jeremiah,CA,92960
93,Steve,Moore,001-869-016-358,1971-01-16,54122 Matthew Junctions,Port Savannah,IN,88488
94,Andrea,Hill,745.967.6742,1979-11-28,77380 Clements Crossroad,Maryhaven,OR,89433
95,Guy,Mitchell,+1-554-916-1558,1998-04-26,3908 Ashley Mews Apt. 943,Royshire,ME,61363
96,Shawn,Thompson,(181)017-5609,1993-06-25,61205 Best Trace Apt. 221,New Johnstad,ND,08572
97,Teresa,Davis,+1-252-501-0905,2005-05-02,693 Shea Glen Apt. 266,Huberview,MD,89697
98,Adam,Garner,272.007.4506x45,1964-07-10,221 Peggy Lodge Apt. 062,Erinborough,IN,95313
99,Carolyn,Hunt,(946)549-8663x8,1981-01-04,3937 Arnold Crescent Apt. 448,Sethburgh,IA,32237
100,Jacob,Harris,(914)012-7022x8,1978-05-29,7513 Daniel Cliff Apt. 937,Pearsonton,AZ,92279
101,Brittney,Pineda,(260)022-9040x2,1971-03-18,595 Timothy Summit,Vaughnberg,MN,70614
102,Jeff,Williams,958-664-3265,1979-04-22,18022 Paul Stravenue Suite 500,West Erikaburgh,GA,08499
103,Michael,Hill,388-603-2950x78,1954-08-10,9342 Sarah Mountains Suite 813,North Timothy,RI,28764
104,Laura,Smith,(867)307-2587x6,1976-09-02,584 Moreno View Apt. 153,Thomasburgh,ND,08224
105,Adam,Roberts,427.350.0342x50,1994-08-31,3765 Reese Skyway Suite 478,Jonesport,ME,42153
106,Ashley,Hall,001-187-751-220,1953-03-02,22755 Mann Corner Suite 823,Bobmouth,VT,38691
107,Jennifer,Torres,3392401784,1989-10-01,648 Darin Court Apt. 973,Schroederburgh,CA,80725
108,John,Wright,(385)353-9269x2,1958-10-23,3100 Tapia Island Suite 212,Boyerton,OK,53714
109,Russell,Vargas,(065)121-4000,1981-08-20,50966 Ralph Manor,Morganview,IN,86972
110,Henry,Hill,001-730-651-023,1999-09-12,83389 Marshall Prairie Apt. 131,East Bethfort,MT,40164
111,Emily,Zavala,(190)891-7758x6,1991-07-09,1437 Jennifer Street Suite 295,Coxmouth,MS,92598
112,Drew,Brewer,238.122.1018,1950-05-02,33186 Cruz Prairie,Madisonbury,IL,10252
113,Joe,Davis,542.779.6971x64,1968-04-11,82369 Phillips Club,West Mark,NJ,46038
114,John,Robinson,698-324-0026,2000-08-29,95066 Raymond Lakes,Shannonbury,PA,92635
115,Diana,Roach,106.344.1012x11,1958-09-22,21241 Bennett Unions Suite 412,Masonland,RI,97013
116,Michael,Olson,+1-787-250-2612,1974-10-30,930 Wendy Coves,Lake David,TX,38924
117,Maria,Austin,+1-893-492-6101,1995-06-09,378 Allison Plaza Apt. 206,Robertstown,IA,09180
118,Walter,Black,135.077.2519x82,1997-11-08,8557 Rhodes Hills Apt. 437,East Lisamouth,IA,03803
119,Jason,Luna,8168902172,2001-01-04,76803 Brandy Fords,South Bonnieside,CO,12877
120,David,Page,2771607879,1996-08-31,56229 Sanchez Corners,Brandtmouth,CO,78755
121,Ricardo,Costa,696-474-3958,1997-11-20,46319 Duran Villages Apt. 035,South Kevin,CA,47112
122,Jason,Lewis,(855)179-2870,1998-05-19,417 Shaw Spur Apt. 289,Michaelview,FL,96305
123,Michelle,Chambers,8163479730,1969-04-02,92416 Jesse Ridges Suite 260,North Jonathanchester,ME,21731
124,Suzanne,Morgan,785-607-8515x73,1980-09-24,476 Kelly Landing,Arielshire,IN,88551
125,Sydney,Maldonado,344.348.4512x94,1994-01-27,787 King Ways,Barrettchester,NE,82381
126,Kelsey,Lloyd,712.594.3703x61,1978-12-17,15971 Gardner Throughway,Ginahaven,CO,95050
127,George,Lee,+1-782-680-0098,1995-01-23,2555 James Burg Apt. 833,Petersonburgh,NY,19443
128,Lauren,Brewer,001-519-775-565,1976-11-06,94021 Hall Views,West Thomaston,IL,91347
129,Gloria,Robertson,001-003-253-138,1950-07-01,2660 Reed Manor Apt. 442,Lake Rebeccaland,MA,39657
130,Cody,Grant,+1-903-953-3480,1957-03-14,6165 Larry Station,Clarkland,HI,74423
131,Jerry,Lane,001-119-545-124,1948-09-01,008 Foley Drives Apt. 669,North Eugene,RI,89046
132,Kendra,Stafford,+1-799-435-6622,1981-08-22,27284 Jones Coves Apt. 685,Rodrigueztown,ID,40197
133,Sandra,Harvey,+1-887-387-7245,1955-04-17,5086 Daniels View,Martinezburgh,NH,50949
134,Bryan,Moore,+1-086-105-0339,1956-08-02,1892 Derek Circle Suite 536,Port Claytonview,CO,82643
135,Chelsea,Hood,860-121-0498,1996-11-13,05394 Bryan Point,North Christopher,ME,39475
136,Amber,Dawson,(081)224-7878x0,1999-07-28,692 Lewis Burg,Lake Sharonville,AL,10396
137,Melody,Calhoun,135-676-3990x73,1953-05-22,07560 Johnson Extension,Robertfurt,VA,65713
138,Christopher,Stephens,001-850-576-302,1954-09-07,7147 Michael Trafficway Apt. 116,Brandtstad,WI,62368
139,Robert,Cordova,001-320-059-676,1958-05-22,223 Kim Dale,Marieberg,MN,90466
140,Kimberly,Garcia,+1-445-479-1306,1993-06-14,818 Leslie Parkways,Moralesborough,MO,78871
141,Samantha,Fisher,(306)431-0589x0,1995-08-29,2194 Amanda Shores,East Carolfort,CT,14492
142,Tanya,Craig,(895)614-0389x1,1955-07-09,4722 Floyd Manor Suite 137,South Allison,WY,01635
143,Steven,Erickson,7759378072,1986-02-25,7956 Michael Unions,Lake Daniel,AZ,57933
144,Diane,Landry,6736168168,1973-07-24,60932 Jerome Squares Suite 436,East Daniel,NJ,93175
145,Sandra,Snyder,035-327-6397x03,1959-12-03,991 William Court Apt. 541,Lake Nathan,NJ,69505
146,Laura,Black,+1-421-303-9289,1967-07-11,221 Clark Shoal,West Jacob,TX,95986
147,Allison,Carter,681-331-8433,1960-08-25,04078 Andrew Brook Suite 061,East Sara,OK,73815
148,Kenneth,Hubbard,001-058-780-085,1989-09-28,0950 Benjamin Mountain,Lamland,IN,96571
149,Matthew,Martinez,652.554.4626x34,2000-08-19,8551 Dylan Mountain,Jacobton,FL,06416
150,Shannon,Bass,+1-240-379-2753,1969-03-10,79780 Anthony Burgs Suite 659,South Eric,FL,45376
151,Amber,Barrera,932.808.6726,1987-12-23,521 Robert Mall,New Janice,AZ,21717
152,Ashley,Kaufman,(253)238-5882x0,1993-05-18,640 Glen Rapids,Port Sarahbury,VT,49591
153,Jennifer,Padilla,7722330978,1955-06-26,042 Kyle Vista Suite 344,Richardsfurt,NV,92638
154,Diane,Kim,001-862-781-843,1970-01-27,87509 Dixon Forest Suite 246,West Jessicaview,IN,33053
155,Adam,Silva,831.075.5429,2002-12-01,53493 Daniels Lock,Laurafort,SC,45061
156,Thomas,Garrett,557-239-9214x40,1997-05-26,83096 Chavez Track,South Tanyatown,NE,79949
157,Ryan,Stewart,952.886.1415x26,1969-06-17,1709 Stacy Square,Sotoport,IN,49793
158,Anne,Harrison,605.114.4509,1974-06-15,886 Jamie Route,Jordantown,WA,66387
159,Gregory,Cole,274-809-4402x59,1951-10-15,400 Michelle Hollow,West Tony,SD,08926
160,Sarah,Wu,607-146-6702x17,1961-06-29,94240 Montgomery Road,Karamouth,OR,27475
161,Jessica,Gonzalez,048-133-9463x53,1992-01-05,39900 Mcclure Freeway Apt. 356,Victorport,TN,94119
162,William,Hammond,001-569-642-514,1971-12-12,15947 Kenneth Pines Apt. 758,Johnsonburgh,OH,97290
163,Benjamin,Davis,325-551-8073,1988-11-03,345 Velez Skyway,Wrightberg,MN,53262
164,Michelle,Terrell,001-171-543-090,1994-02-24,07351 Brown Track,Sosaport,MO,58043
165,Thomas,Boyd,(587)288-0775x4,1966-12-27,594 Dominguez Views,Walkerside,IL,54673
166,Philip,Cooper,001.806.5266x18,1990-05-28,017 Ortiz Road Suite 768,New Emilyport,NY,94399
167,Anita,White,667-155-6141,1980-04-09,53747 Brandi Courts,Johnsonhaven,UT,63006
168,Jody,Ramos,001-645-742-571,1976-07-24,13314 Lisa Falls,Wrightton,DC,60194
169,Emily,Hodge,896-446-1390x76,1945-05-12,371 Nicole Expressway,North Stephanie,MN,55059
170,Christopher,Dickerson,307.138.1567,1957-06-16,35869 Valerie Ways,West Julie,VT,34494
171,Daniel,Miller,(356)192-5129,1976-03-19,397 Donald Shores,East Cherylstad,NJ,40794
172,Gregory,Warner,001-706-721-707,2003-03-23,254 Chad Meadows Apt. 217,Ruthfurt,AZ,72593
173,David,Buchanan,766-655-2088,1995-06-18,8043 Kayla Inlet Suite 804,North Adam,MA,96733
174,Jessica,Quinn,233.616.4580,1970-04-02,136 Mcgrath Rest,New Dianaview,CT,53853
175,Gregory,Clements,(992)653-0536x2,1977-03-11,4404 Lewis Inlet,East Jesusborough,AL,21881
176,Barbara,Martinez,990-340-4491,1998-08-22,2761 Andrew Flats,North Dawnbury,AR,72110
177,Donna,Williams,754-140-6402x62,1963-09-29,77587 Melissa Stream Apt. 318,South Michaela,HI,89753
178,Natalie,Smith,(603)075-0488x0,2003-09-20,110 Carpenter Divide,Dickersonfurt,NM,72108
179,Joyce,Williams,052-687-0691,1952-10-11,140 Paul Bridge,Port Ronaldmouth,KY,71413
180,Michael,Garcia,+1-418-112-1908,1953-10-31,5554 Holden Point Apt. 984,Simpsonchester,FL,13744
181,Michael,Carter,694-858-0713x69,1962-07-20,350 Brown Coves,Sallyville,CT,61637
182,Ryan,Herring,868.728.7211,1996-12-20,349 Dalton Divide,New Lisaview,VA,81784
183,Aimee,Miller,(673)957-7812x2,1951-12-06,69852 Wagner Parks,Tinafort,MN,45909
184,Jessica,Schmidt,(582)556-8953,1946-01-12,28691 Stefanie Summit Suite 324,New Bryanfurt,MD,98691
185,Lisa,Jones,814-172-2035x64,1957-09-06,3784 Jason Station,Calhounview,OK,83229
186,Brian,Valencia,001-497-386-315,1994-05-11,14436 Greene Forge Suite 969,Jamesstad,VA,66542
187,Corey,Mullins,500.889.2578,1950-12-15,93837 Morales Road Suite 426,Browntown,NC,45599
188,Wendy,Guzman,063-153-6030x87,1991-06-17,4682 Thomas Crossroad,West Geraldbury,CA,23568
189,Samuel,Bennett,350.814.6965,1971-04-04,9604 Kelly Drive Suite 562,Saraport,VA,27901
190,Kristine,Floyd,408-146-6332x17,1963-01-18,956 Megan Tunnel Suite 720,Port Johnbury,OH,84572
191,Amanda,West,001-192-780-508,1946-05-18,46541 Larry Tunnel,Richardshire,DE,64734
192,Carrie,Walters,656.710.7113x93,1993-06-29,442 Lisa Shores Apt. 385,Michaelmouth,DC,48472
193,Erin,Ashley,001-174-793-989,1944-10-24,772 Robert Hills Apt. 244,Cindyfort,OH,20387
194,Vanessa,Rivera,062-727-6434,1984-12-25,2653 Smith Ramp,Castilloland,GA,93957
195,George,White,936.323.1455x22,1948-09-27,7429 Amanda Route Suite 322,Richardburgh,DC,30909
196,Sean,Coleman,859.749.6242,1947-05-06,1692 Timothy Key,Judytown,KS,32258
197,Steven,Robinson,+1-540-068-6618,1983-07-14,53104 Stewart Crescent Suite 323,South Kimberlyfort,NC,25304
198,Matthew,Shepard,863-493-8958x52,1971-03-09,59263 Moore Passage Suite 458,North Danielhaven,WY,80761
199,Sergio,Mckenzie,391.881.3927x91,1992-04-17,662 Meyers Track,Phillipsport,OH,87352
200,Chloe,Williams,001-746-324-687,1959-11-13,6424 Paula Parkway,Harriston,TN,90241
201,Sydney,Lewis,768.251.1981x76,1948-10-20,683 Adams Ways,Robinsontown,WV,41211
202,Kelli,Bradley,444.068.4565x73,1953-05-30,05966 Joseph Gardens,Cherrytown,IA,36831
203,Emily,Harding,+1-574-275-5072,1983-09-01,5087 Brittany Fords,Walkermouth,OR,44269
204,Madeline,Schmidt,264.548.4376x89,1965-07-16,163 Elizabeth Locks,Cherylbury,CT,29305
205,Samantha,Garrett,242.479.7155x93,1959-05-03,8102 Ryan Villages Suite 223,Jessicachester,UT,07465
206,Samantha,Smith,067-441-8767x40,1984-12-03,58333 Michael Mission Suite 186,East Nicholas,MT,23213
207,Audrey,Ortiz,028.296.8988x52,1987-07-02,07682 Teresa Spurs,Melissaland,SD,65728
208,Carla,Conner,+1-104-756-9597,1946-09-18,39819 Mitchell Hollow Apt. 488,Lake Emily,RI,41364
209,Jennifer,Webster,+1-199-242-8003,2004-03-21,90057 White Plaza,Georgeville,IA,75820
210,Ryan,Fletcher,(240)351-6324,1972-02-26,7589 Tyler Groves Apt. 607,West Shaun,UT,51739
211,Carla,Villarreal,(304)891-3407x2,1961-03-06,796 Bush Valleys,North Dennis,OK,33710
212,Jennifer,Jones,+1-946-775-0409,1971-07-15,0091 Mendez Walks Apt. 152,East Russellshire,AZ,36402
213,Taylor,Patton,+1-279-453-1873,1958-01-30,90925 Brown Courts,Aguirreburgh,VT,96733
214,Carlos,Johnson,392-134-2988x03,1948-04-30,4267 Jennifer Junction,East Susan,MT,11419
215,Diane,Matthews,8618259494,2000-05-25,2610 Sullivan Mall,Jenniferburgh,DC,44605
216,Lawrence,Farmer,+1-390-052-6690,1998-02-16,587 White Road,Port Ernestside,CT,92765
217,Billy,Robinson,018-744-6076x88,1991-11-26,54097 Jacobs Mountain Suite 131,Port Stephen,MD,08504
218,Levi,Dean,618-469-6459,1971-05-04,922 Fritz Islands,West Shirleyburgh,WI,81250
219,Ruben,Miller,(916)281-1168,1972-05-12,573 Patrick Passage,Donaldberg,TN,76733
220,Shawn,Johnson,447.463.0131,1964-01-09,5835 Austin Crossing Apt. 542,Grahamstad,DE,73842
221,Keith,Bennett,001-585-565-311,2000-06-19,992 Ronald Extension Apt. 252,Tinaberg,MO,77385
222,Carol,Singh,350.443.8638,1944-08-04,78590 Christopher Viaduct,Lake Jeremyport,CT,25805
223,Brent,Harvey,001-476-492-294,1969-10-26,837 Dennis Ways,Buckleyhaven,MS,56749
224,Lindsey,Patel,085-200-9932,1970-08-12,7315 Fox Mews Suite 413,Currymouth,SC,60288
225,Anne,Washington,001-539-682-913,2006-04-01,778 Michelle Ways Apt. 014,Port Jacob,TN,50925
226,Ethan,Bonilla,001-809-879-492,1970-08-24,74303 Rebecca Junctions,Georgeland,VA,21290
227,Adrian,Daniels,357-617-5504x51,1966-02-08,76211 Martin Spurs,Morrisberg,ME,52456
228,Marcus,Miranda,+1-513-827-7542,1958-11-25,375 Janet Burg,West Markchester,NM,25504
229,Jim,Deleon,280-381-8985x92,1971-12-25,878 Lucero View,Port Christina,DE,25530
230,Christopher,Dougherty,109-551-0145,1984-09-10,092 Rodgers Street Apt. 867,Alexisfort,ID,15195
231,Mark,Santiago,358.809.9426,1960-08-05,09166 Andrew Walks,Anitaborough,ME,11281
232,Tyler,Townsend,052-434-2521,1985-12-12,705 Justin Turnpike,Harrisview,HI,21856
233,Michael,Rivera,812.581.8401,1977-12-15,27955 Jessica Unions,East Jasonburgh,NV,38949
234,Kayla,Sharp,(808)761-1676,1945-04-25,93627 John Lodge Suite 473,South Briantown,NY,80531
235,Sherry,Rivera,(648)912-6621x4,1945-05-30,31069 Cheyenne Ridge Apt. 897,South Emily,DE,94074
236,James,Smith,+1-532-585-3338,1948-10-30,79413 Barker Manors Apt. 320,Hancockfort,MN,09249
237,Megan,Herrera,165.460.2931x44,1984-10-02,13035 Smith Village Suite 320,Flemingview,OH,70527
238,Steven,Perez,001-577-405-952,2002-07-25,115 Joshua Drive Apt. 086,Barbarashire,FL,50229
239,Matthew,Krueger,(472)093-8317,1959-04-14,9547 Donna Dam Suite 434,Maryhaven,IA,32905
240,Joshua,Mccullough,001-036-002-332,1969-09-15,1244 Martin Forest,East Whitney,NE,58411
241,Michael,Owen,+1-813-073-2144,1983-10-17,67984 Henderson Light,Anthonyberg,MI,93895
242,Adam,Thompson,765-235-9239x48,1993-07-26,307 Steele Islands Suite 656,New Lydiaville,ND,30622
243,Tina,Stewart,(030)667-4968,1983-10-30,655 Angela Skyway Suite 836,South Raymouth,AK,99815
244,Jeremy,Bradshaw,001-452-859-662,2003-11-17,737 Coleman Lane Apt. 196,Leeview,KY,71099
245,Robert,Jennings,754.830.1638,1985-07-16,49626 Wright Hollow,New Richard,VA,47164
246,Douglas,Cannon,862.192.2556,1959-08-28,179 Tara Isle Apt. 718,Carrollburgh,WV,40024
247,Christine,Jimenez,001-752-246-759,1974-04-13,1392 Craig Squares Suite 935,Port Christineton,DE,69326
248,Sydney,Hall,+1-815-331-8089,1992-07-15,57386 Thompson Port,Port Jennifer,MT,93817
249,Tina,Hawkins,+1-074-934-0811,1971-02-18,78030 Lowe Extensions Suite 819,South Steven,KY,17424
250,Joseph,Wolf,947.568.3894,2004-09-02,61194 Wright Divide,Jonesberg,SD,29691
251,Isaiah,Walker,(973)841-4900x5,1950-03-30,973 Gilbert Fork,Charlesland,SD,42972
252,Sonya,Walker,(619)652-6330x9,1970-11-11,265 Kristin Square Suite 863,Cruzberg,DC,19092
253,John,Fisher,2786579873,1956-10-26,649 Wu Causeway Apt. 934,New Veronicachester,MN,49988
254,Steven,Norris,096-080-8560x34,1994-03-18,7735 Sergio Ville Apt. 266,Chenfort,IL,12422
255,Michael,Davidson,673.681.6717x94,1954-05-29,467 Michael Forks,Port Jamesville,UT,32283
256,Paige,Brooks,001-171-514-043,1963-02-19,59533 Jacob Knoll Apt. 145,West Ryan,ID,47473
257,Chad,Flores,643.859.3736x76,1947-04-01,5600 Timothy Wells,Heatherfort,HI,43865
258,Mark,Ruiz,8726844012,2006-02-19,71256 Hernandez Tunnel,Bellhaven,SC,28962
259,John,Fox,482-489-6170x35,1970-09-23,8185 David Springs Apt. 832,Seanborough,NV,78803
260,Brittany,Horn,(570)207-8655x5,2006-05-29,455 Courtney Cliff Suite 413,Cameronborough,ME,76470
261,Ruth,Nixon,+1-665-100-8569,1996-04-05,64597 David Green,Marquezland,HI,29507
262,Allison,Chang,6613877550,2002-07-01,84512 Victoria Shoal,Fuentesfort,NY,24369
263,Frances,Davis,688-968-7673x65,1984-03-26,35993 Kathleen Heights,South James,VT,54732
264,Sabrina,May,001-358-769-481,1959-03-12,12185 Brenda Freeway Apt. 313,East Victoriamouth,MT,75402
265,Abigail,Schneider,569.177.3392,1994-04-18,57859 Hill Route,Haroldburgh,NH,23540
266,Timothy,Walton,172.044.0339,1993-03-26,072 Morgan Road Suite 926,Greenmouth,GA,58868
267,Luis,King,746.823.8319,1973-12-22,5133 Clark Lakes,Susanmouth,CO,39170
268,Leslie,Blake,+1-340-473-9268,1963-01-28,4948 Sanchez Summit,Susanberg,RI,27294
269,Lynn,Malone,540.958.9661x79,2003-04-12,0964 White Shoals,Yvetteville,NY,44161
270,Ariel,Duncan,537.609.0627,1988-11-06,7739 Tony Port Suite 585,Staceyfort,AZ,20220
271,Sherri,Fritz,302-883-5043x32,2001-06-06,119 Vega Circles Suite 792,Leefurt,SC,62513
272,Katherine,Graham,7796666795,2006-03-11,7166 Stevens Glen Suite 591,North Timothyfort,AK,31568
273,Amy,Shah,+1-750-254-9157,2006-05-01,5299 Wheeler Crest,South Debbie,KS,96072
274,Kathleen,Collier,(099)506-2501x2,1999-05-16,020 Jason Mountain,Williamport,NY,84248
275,Mark,Jones,604-263-4307,1972-11-12,9417 Grimes Tunnel,Blackburnland,RI,09916
276,Marissa,Roberts,(374)274-2474,1969-10-05,732 Samantha Common Apt. 958,Davidside,WV,99651
277,Lisa,Lowe,668.357.1953x14,1977-12-16,31429 Michael Loop Suite 919,Joshualand,NC,25744
278,Seth,Huang,519-831-2751x93,1980-05-23,05927 Dalton Village,Carlosmouth,IN,94371
279,Kim,Wood,435.381.8544x87,1981-04-09,8159 Berg Flat Apt. 077,Smithview,MD,07207
280,Jonathan,Strong,4683318763,1960-09-06,689 Carrie Hollow,Randallton,OK,66838
281,Jason,Snow,514-284-1577x57,1992-12-18,3980 Thomas Knoll Suite 765,New Geraldchester,AZ,62837
282,Yvonne,Kim,+1-378-006-4400,1986-09-22,41192 Fleming Pine Suite 831,Jonesborough,ID,57707
283,Robert,Hart,270.294.3980x91,1973-08-19,7620 Brady Brook Apt. 576,Smithhaven,AR,98724
284,Douglas,Anderson,944.119.0425,1965-11-13,3954 Shepherd Run Suite 431,Jayburgh,CO,74660
285,Dylan,Terry,(024)182-7155x6,1963-07-04,294 Hebert Throughway Suite 826,Lake Christian,KY,49010
286,Julie,Avery,+1-380-534-4352,1988-02-01,1776 Murray Crescent,South Danny,CO,94177
287,Carol,Burke,1258813830,1945-04-13,62992 Brittany Cape,Markton,SC,84910
288,Martha,Dawson,001-785-290-565,1992-07-24,3033 Oconnor Neck,Victoriahaven,AL,89245
289,Martin,Shaw,518-033-6313x16,1981-08-02,1925 Roberts Lakes Apt. 467,Port Teresaport,WY,01245
290,Derrick,Fitzgerald,933-659-2036x18,2006-04-21,5048 Hardy Avenue Apt. 740,Franciscoport,SC,08545
291,Chloe,Lawson,001-786-455-056,1962-09-30,302 Michael Wells,Carrieberg,MT,54718
292,Sandra,Stewart,+1-449-136-2577,1947-08-29,658 Michael Row Apt. 109,Ambermouth,WA,54709
293,Kristina,Hudson,375.218.3192,1960-05-25,655 Tara Centers,New Jessica,CO,36774
294,Donald,Williams,(281)833-5674x1,1993-11-12,46250 Jackson Flat,South Karentown,NE,39026
295,Amber,Solomon,001-017-530-839,1951-03-12,1857 Johnson Terrace Suite 332,Laurabury,RI,58171
296,Albert,Martin,080.070.1634x72,1994-11-18,09506 Kristen Port Apt. 739,Port Christopherland,VT,58667
297,Julie,Brown,5315518225,1971-08-09,60975 Fox Rue,New April,ND,59636
298,Stacey,Bennett,(964)354-2735,1999-03-29,4621 Strickland Unions Apt. 426,Nicolehaven,ND,00583
299,Carlos,Steele,676-573-1926x20,1996-09-09,445 Stephanie Ways Apt. 995,Daviston,TN,50741
300,Jamie,Macdonald,172-641-8856x25,1948-05-15,157 Hammond Fork Apt. 428,East Jennifershire,MI,39182
301,Dana,Houston,(505)950-9677,1948-12-10,54541 Johnson Creek Apt. 728,Andrebury,IA,61724
302,Bryan,Gilbert,333-553-5431,1994-07-19,88453 Dustin Prairie,Lake Susan,KS,68424
303,Micheal,Cunningham,195.347.2463x18,2002-06-14,2144 Cynthia Extensions,Berrymouth,WA,16573
304,Casey,Ortiz,054.871.3350x75,1993-04-19,02461 Ross Trafficway,Wadeville,MN,53007
305,Karen,West,005.103.9734,1989-02-02,4235 Justin Pine,Frankmouth,NV,16562
306,Michael,Martin,9024593749,1957-04-30,57346 Campbell Islands Apt. 291,Cindybury,AR,75738
307,Jonathan,Conner,001-037-078-522,1946-09-27,1223 Cody Cove,Kristyton,ID,87558
308,Charles,Miles,001-428-551-905,1979-11-16,706 Zamora Gardens,Theresashire,VA,46466
309,Michael,Keith,(604)768-9366x2,1973-07-06,132 Kevin Route,Erinborough,IL,94592
310,Trevor,Villanueva,821.694.6088x09,1991-09-17,61021 Sanders Cove,Davidhaven,LA,57842
311,David,Taylor,(379)995-3933x9,1996-02-09,88052 Tammy Trace,Mariaberg,MI,35737
312,Kevin,Peterson,(042)040-6366x0,1948-08-05,3988 Moore Roads,North Adamton,NV,97582
313,Edward,Kidd,+1-278-137-0360,1982-07-05,74871 Robin Creek,West Kaylaport,IL,14176
314,James,Johnson,566.338.5606,1955-02-12,161 Hernandez Canyon Suite 201,New Kimberly,MO,35639
315,Michael,Cruz,+1-536-923-1913,1996-07-23,07589 Smith Green,South Terriville,NM,47857
316,Kathryn,Collier,001-205-814-564,1952-10-08,8560 Justin Field Apt. 878,Karenville,SC,05273
317,Kristi,Martin,074.507.8622x87,1997-11-09,03060 Edwards Summit Suite 499,East Dianeburgh,VA,13491
318,Meredith,Johnson,555-270-9377,1978-11-18,930 Delacruz Green,Stacyburgh,WY,66028
319,Kayla,Lopez,+1-992-623-3549,1951-05-03,85206 Phelps Knolls,Carterside,PA,91598
320,Timothy,Scott,060.020.4526x78,1948-05-05,07269 Debbie Valley Apt. 019,Lake Madisonland,FL,01429
321,Dwayne,Diaz,436.997.8010,1984-06-09,13789 Jonathan Bypass,Nealburgh,NV,74809
322,Daniel,Deleon,+1-344-726-7653,1967-04-09,7612 Samantha Ferry,North Whitneyfort,IN,72387
323,Anthony,Bailey,(995)477-9949x0,1990-11-15,289 Ortiz Circles,Patriciastad,NM,14233
324,Marc,Hale,462.497.1068,2006-01-14,069 Christopher Mission,South Ryanmouth,DE,30868
325,Mark,Gomez,659.794.2270x15,1948-09-08,68150 Matthew Port Suite 924,East Amy,WV,71938
326,Katherine,Cervantes,+1-566-109-3253,1961-01-25,686 Leach Run Suite 305,Port Kathy,IL,54195
327,Edward,Good,803-167-3857x11,1984-04-15,79827 Lucas Freeway Suite 264,Andrewberg,ID,20467
328,Brandon,Sloan,311-124-8057x11,1999-06-05,204 Brandon Glen Apt. 604,Livingstonshire,ME,92466
329,Brandon,Romero,366-864-6438x98,2000-10-14,51578 Robinson Coves,Melindaport,OH,74483
330,Jared,Sanchez,(382)026-4430,1977-03-29,774 Alicia Islands Apt. 298,South Keith,PA,54587
331,Robin,Patel,+1-047-732-9056,1971-07-03,146 Roberto Highway,Silvamouth,NY,91198
332,Megan,Hernandez,447-540-8897,1993-04-12,8618 Richard Union,Port Angelstad,ID,83253
333,Dustin,Allen,(147)476-2912,1972-04-25,61327 Nicole Spur Apt. 457,Kevinstad,VT,39954
334,Kiara,Howell,+1-278-183-0116,1982-05-05,8527 Amy Divide,Perezshire,FL,78019
335,David,Padilla,+1-554-575-7100,1971-10-15,564 Andrea Court Apt. 762,Jessicafurt,WA,68078
336,Ricky,Robbins,001-646-708-641,1966-01-25,8863 Dennis Drive Suite 564,Lake Nathan,MO,63669
337,Melissa,Price,243-746-1009x44,1954-06-22,748 Morgan Keys,Silvabury,GA,72752
338,Cindy,Irwin,+1-441-016-8830,1974-07-04,489 Coleman Park Suite 553,Port Vanessamouth,CO,71245
339,Meredith,Gibbs,899-414-1594x62,1951-03-05,39207 Marquez Divide,East Jayshire,CO,12394
340,James,Hodges,+1-043-726-3051,1971-09-23,95261 Kelly Brook,New Michaeltown,LA,35086
341,Adam,Stewart,264-399-5281x14,1949-11-13,7422 Garrett Parkway Suite 646,Lake Diane,ME,01383
342,James,Stout,308-061-2998x85,1991-04-25,4438 Mcbride Fields,Wellsstad,GA,26277
343,Rhonda,Smith,001-658-165-014,1997-11-02,1413 Young Spurs,New Valerie,CA,31664
344,Jermaine,Blair,1962321697,1959-11-06,525 Soto Roads Apt. 365,Davidburgh,ME,20190
345,Hannah,Bradshaw,001-493-676-861,1994-04-30,6547 Savage Harbor,Bryantland,UT,66851
346,Alan,Scott,+1-125-086-4382,2005-05-30,44335 Mendez Inlet,Knightmouth,MN,80198
347,Amy,Spencer,001-435-620-179,1948-08-10,635 Berry Shores,Chambersport,LA,61759
348,James,Freeman,675.453.1968x72,1975-12-01,183 Scott Glens Apt. 263,Brownport,MS,97953
349,Wesley,Thompson,182.864.3006x32,1996-12-25,7038 Jordan Roads Suite 494,Lake Justin,SC,56341
350,Katherine,Nelson,(581)367-5212,1997-02-11,490 Eric Square Apt. 974,North Garrettbury,SC,00643
351,Julie,Osborne,+1-410-100-2026,1972-03-12,400 Martha Loaf,Ericville,NM,18906
352,Daniel,Ortiz,073.161.0270x37,1963-08-11,76911 Nathan Locks Suite 032,Obrienville,NJ,81073
353,Brian,Vasquez,001-371-280-092,1953-09-16,394 Moran Neck Suite 809,Gonzalezshire,IL,79672
354,Jane,Jones,565.091.0368,1947-06-21,2997 Murphy Cape,Steinton,DE,22538
355,Ryan,Park,+1-088-259-5161,1964-05-26,3757 Ware Tunnel Apt. 263,Andersonmouth,WV,21237
356,Jessica,Hart,323.004.0032x20,1964-05-12,2520 Boyer Green Apt. 107,Tylerborough,MI,29908
357,Courtney,Porter,001-724-086-890,1947-09-02,75144 Maldonado Green Apt. 804,Schneiderhaven,MO,67937
358,David,Savage,428-398-2310x22,1997-01-12,19341 Yang Mission Apt. 190,Port Georgeshire,IN,83793
359,Rebecca,Shepard,+1-392-785-7499,1958-07-07,529 Michael Walk,Duncanside,AR,60852
360,Monica,Little,097-184-6109,2004-03-23,445 Wayne Overpass Apt. 126,Lake Melissa,MI,23128
361,Austin,Dixon,+1-412-342-2554,1981-06-18,7322 Chad Brook Apt. 907,Lake Nicole,WI,37851
362,Patricia,Carlson,142-297-4745x26,1944-12-14,28857 Ryan Meadow Suite 763,North Christopherstad,NE,26924
363,Gary,Mendoza,(682)239-6805x1,1967-08-01,51473 Emily Place,East Kimberly,DE,40172
364,Lori,Holt,+1-483-865-0998,1983-02-05,456 Rebecca Lodge,North Jacobton,DC,30564
365,Penny,Curry,631-805-9564,1975-11-20,101 Edward Lights Suite 916,West Matthewtown,KY,23549
366,James,Baird,185.734.4040x10,1959-05-18,29036 Kevin Causeway,Caldwellmouth,MT,42793
367,Gene,Garcia,180.025.8096x68,2006-07-11,4060 Williams Garden Apt. 876,Wyattland,TN,06088
368,Samantha,Simon,001-497-887-995,1951-03-20,50424 Mandy Trace,North Cody,AZ,24515
369,Daniel,Anderson,589-317-2693x52,1951-11-03,935 Samantha Cape,Andrewborough,VT,91889
370,David,Crawford,955-305-6174,1966-03-16,0874 Greer Forges,Johnsonview,NH,17347
371,Jonathan,Novak,(994)342-7694x8,1978-07-21,4953 Sarah Estates Suite 578,Wrighttown,DC,20746
372,Sara,Moore,9590839327,1988-02-03,71491 Nicole Ridge Suite 964,South Michelleberg,NH,75632
373,Michael,George,911.196.9753x04,1988-03-22,615 David Dale Suite 218,Andrewmouth,MN,74334
374,Richard,Tucker,001-285-721-576,1951-03-03,29980 Sarah Run,North Thomas,NJ,18124
375,John,Meyers,853.121.7035,1968-05-10,57275 Sanders Parkways,South Chrismouth,NE,75267
376,Nicole,Hernandez,782-017-4055x94,1993-05-17,3974 Jones Place Apt. 816,Victoriachester,NC,38295
377,Daniel,Lawrence,495-507-9731x93,1979-08-01,687 Garcia Overpass Apt. 112,West Jeremyborough,NJ,69892
378,Kelsey,Baker,418-288-5807x08,1996-03-06,6886 James Mills Suite 636,Port Deborahmouth,WY,10096
379,Amber,Walker,7061987242,2005-04-21,0024 Suzanne Extensions Suite 881,New Micheal,MI,14875
380,Tanya,Romero,(161)557-2811x7,1969-08-17,03483 Andrew Via Suite 208,South Sherry,AZ,84332
381,Donna,Wolf,7887938082,1971-07-20,0449 Jeffrey Inlet Apt. 373,West Steven,CA,65138
382,Christopher,Boyd,641-318-5132x17,1992-10-04,635 Thomas Court Suite 072,Pagechester,IN,97398
383,David,Bennett,342.078.5481x22,1999-03-21,417 Diaz Orchard,Lake Davidhaven,NE,88256
384,Ryan,Mccall,894.080.6299,1955-06-21,90105 Tyler Stream Apt. 627,Denisefort,HI,37032
385,Michelle,Moore,(953)820-7805x8,1979-06-05,25116 Sean Meadows Suite 890,Barneshaven,NC,56681
386,Donna,Johnson,001-890-411-336,1969-10-18,3512 George Trafficway,Karenland,HI,34463
387,Jacob,Kelly,1074880349,1980-12-16,0632 Mcconnell Extensions,Karenfort,AK,01133
388,Kevin,Gonzalez,3317705202,1999-12-31,70590 Johnson Falls,East Evanmouth,CA,96020
389,Kevin,Taylor,687.258.5442x85,1968-03-25,6921 Rodriguez Circle,North Colleenton,LA,02142
390,Stephanie,Martin,(376)424-9853,1981-06-26,684 Lee Land Apt. 594,New Gabriela,RI,23007
391,Kevin,Drake,001-413-418-809,2004-01-12,635 Hall Locks Suite 913,Craigfurt,MI,80342
392,Brad,Murphy,001-428-337-526,1969-06-25,2249 Peter Alley Suite 666,Brooksland,TX,26289
393,Timothy,Murphy,790.679.7531x10,1947-07-05,410 Jeff Club,Smithburgh,MT,15646
394,Zachary,Williams,(132)310-8240x2,1977-09-30,16149 Shane Knoll,North Jillview,ME,79024
395,Jose,Glover,+1-380-660-1032,1989-04-01,4108 Ward Square,Kellyland,SC,09852
396,Kristen,Curtis,(904)450-8527x3,2006-02-25,60425 Hansen Glens Suite 630,Jaredmouth,CO,97587
397,Lisa,Marshall,607-669-4969,1945-11-28,424 Kevin Plaza Suite 847,New Jamesland,IA,17867
398,Mason,Sutton,(143)922-2373x1,1985-11-22,87572 Hernandez Wells Suite 530,North Gregoryshire,MA,77659
399,Erica,Norman,001-643-766-103,1982-05-16,405 Robyn Cape Suite 397,Alexanderborough,CT,08932
400,Scott,Case,(613)580-3797x5,1976-08-11,5896 Michelle Causeway Apt. 412,Josephstad,OR,02658
401,Kristen,Gutierrez,038.616.7817x66,1954-12-12,6182 Michael Motorway,Vegaport,KY,05384
402,David,Lang,001-715-714-993,1980-12-02,7187 Brad Groves,New Benjamin,DE,54760
403,Danielle,Chavez,292-923-1109,1963-07-06,634 Price Plains Suite 960,Isaacport,CT,86735
404,Billy,Solomon,001-265-479-027,1978-09-22,09969 Kirby Centers Suite 488,Comptonshire,OK,37645
405,Timothy,Bryan,763-041-2335x70,1997-06-30,8147 Paul Stream,East Austinchester,IN,93493
406,Nicholas,Murphy,226.357.4897,2000-01-13,7414 John Streets Apt. 444,Brownbury,WY,69044
407,Shawn,Hinton,001-658-288-596,2000-08-30,80705 Stephen Brook,Simmonsville,DE,46760
408,Meredith,Huber,(776)841-3260,1979-01-27,0437 Mark Ford,Melissachester,NM,10274
409,Kimberly,Willis,(552)661-1085,1985-08-29,02355 Lopez Falls Suite 667,Lake Jeffrey,OR,46732
410,Katrina,Hawkins,306-370-3258x66,1972-05-11,834 Scott Course,Lake Ashleyland,OK,20759
411,James,Baker,001-463-035-510,1945-02-25,04181 Harrison Ramp Suite 990,Port Elizabeth,WV,86623
412,Jeremiah,Hart,(201)292-5305x7,1958-05-05,4736 Susan Oval Suite 639,Markview,MT,40026
413,Mercedes,Mann,+1-019-003-1869,1967-11-12,29420 Luke Mews Apt. 340,New Amandaport,UT,55907
414,Scott,Bennett,614-038-9515x10,1982-05-13,87561 Chris Trail Suite 740,Port Anthonyshire,NY,99885
415,Stephanie,Vasquez,463.853.4974,2006-12-30,505 Mario Mountains Apt. 049,Terrihaven,WV,12103
416,Kelly,Terry,+1-849-243-6430,1980-11-19,09749 Mark Junction,Chelseaborough,NY,63245
417,Julie,Mills,665-527-4136,1985-12-13,2506 Wells Via,Tiffanyport,MI,14475
418,Tara,Wagner,(037)195-2894x2,1959-01-30,0118 Paul Burg,North Brianchester,NC,42697
419,Loretta,Green,804-706-0587x34,1978-04-03,933 Williams Forest Suite 739,Danielleborough,MA,08398
420,Rhonda,Blankenship,541.330.8507x09,1997-08-21,05583 Rebecca Burg Suite 137,Lynchberg,HI,83208
421,Anthony,Weaver,(809)078-8999,1989-10-05,62595 Julia Spring,Lake Richardborough,MO,44113
422,Brian,Davidson,4227164075,1971-11-03,880 Shane Branch Apt. 492,East Phyllis,KS,56139
423,Jonathan,Gibson,600-517-9296,1953-12-25,0901 Melinda Pine,West John,ND,01150
424,Alejandro,Morgan,(686)221-8846x5,1988-08-25,723 Kenneth Manor Suite 300,Raymondhaven,AK,81569
425,Susan,Walker,+1-641-970-1183,1964-08-20,221 Contreras Mountain Apt. 531,Sandramouth,MA,48955
426,Tammie,Smith,182-762-1676x45,1985-06-22,94606 Wolfe Island Suite 612,East Morganville,ME,14416
427,Julia,Johns,109-713-3314,1987-01-02,03472 Elizabeth Radial Apt. 207,Spencerborough,TX,10600
428,Teresa,Franklin,+1-307-967-9548,2003-08-19,1284 Shawn Ways,Navarrobury,CT,74290
429,Katherine,Wallace,001-121-656-297,1945-04-29,6383 Jermaine Streets,Lake Adamhaven,NY,41718
430,Charles,Jones,+1-425-652-9860,1951-12-27,429 Alicia Manor,West Alanfurt,SD,72325
431,Derek,Blackwell,778-043-0325,1945-08-16,4982 Swanson Valley,Lake Michaelshire,DE,42649
432,Courtney,Harris,001-235-839-024,1948-03-07,640 White Glen Suite 017,Moralesmouth,ID,97969
433,Nicholas,Erickson,523-939-0902,1988-08-04,63387 Khan Courts Apt. 104,New Samantha,TX,24501
434,Joseph,Noble,380.755.6350,1946-01-23,21572 Robinson Dam,Lake Joshua,NY,96944
435,James,Miller,001-925-393-352,1981-10-15,507 Nicole Lane Suite 851,Amybury,CO,34858
436,Darren,Lopez,117-156-2632,1992-04-28,79596 Anthony Junctions Apt. 410,South Brittanyview,IA,17755
437,William,Thompson,(298)339-6831,1964-12-05,4436 Ruiz Motorway Apt. 061,Robinsonbury,MI,71721
438,Shari,Thomas,001-159-872-462,2003-04-16,93839 Ward Rue Suite 035,East Jacqueline,SD,16360
439,Brianna,Johnson,(406)783-5847,1988-01-12,896 Jacob Point,Reyesport,NJ,13864
440,Patrick,Nelson,822-726-3141,1962-03-26,646 Green Streets Suite 480,Carterberg,TX,27929
441,Holly,Clarke,001-449-389-759,1945-03-13,804 Roger Turnpike,Lake Jasonburgh,CT,73008
442,Anthony,Chambers,+1-272-012-5421,1966-01-07,4745 Leonard Skyway,Dawnfurt,OH,09280
443,Travis,Walker,(924)488-1929x1,2001-08-15,260 Sarah Overpass,Lifort,PA,29232
444,Nathan,Keller,579-449-4016x72,1994-09-05,7842 Yu Loaf,Bradyshire,OR,10704
445,Michael,Fisher,001-923-801-627,1991-04-05,34765 Mary Keys Apt. 606,Gamblestad,ND,92776
446,Jason,Sharp,001-897-573-885,1983-02-06,093 Brown Terrace,East Lisashire,WA,71873
447,Patricia,Williams,663-445-5085x94,1990-11-16,209 Rhodes Ramp Suite 537,Lake Douglas,NH,89271
448,Jeremy,Odonnell,(288)850-7531,1951-04-21,701 Carter Knolls,New Karen,LA,33990
449,Amy,West,(342)826-0450,1975-05-23,1244 Ross Point,Port Michaelstad,NV,54095
450,Roger,Robinson,7185921906,1955-08-15,280 Hutchinson Stravenue,New Johnchester,DE,63749
451,Kurt,Peterson,(116)974-3192,1951-01-09,0035 Tamara Freeway,East Hannah,IN,86138
452,Denise,Coleman,5158318861,1981-08-28,00804 Moore Fords,Lake Kevinmouth,NC,49434
453,Robert,Mcdaniel,001-542-060-667,1970-10-30,28525 Jonathan Ports Apt. 889,Shepardview,RI,32248
454,James,Martin,(923)237-9948,1947-11-07,8729 Theresa Parkways Suite 538,New Laura,SD,75958
455,Kyle,Sandoval,1124871556,1973-06-22,24704 Melanie Ridges Apt. 517,West Michaelborough,TN,03414
456,Tanya,Thomas,801.516.6731,1962-10-28,487 York Plain Apt. 994,Richmondfort,MT,44389
457,Jessica,Hardin,(821)194-1928x1,1999-09-16,841 Evans Fall Suite 179,Lake Nicholas,IA,83958
458,Christopher,Mcintosh,+1-600-449-7211,1982-07-15,16619 Ferguson Station Suite 310,Reidland,HI,41612
459,David,Wilson,062.104.5363x95,1987-06-16,2292 Wade Course Apt. 916,Lake Stephanieburgh,WA,63566
460,Jesus,Bradley,687-654-5307x07,1948-01-30,821 Andrew Dale,Port Danieltown,HI,32000
461,Maurice,Meza,+1-932-516-1642,1975-01-29,573 Freeman Courts Suite 415,East Danielfurt,AZ,28623
462,Jennifer,Robbins,041.495.0093,2000-09-13,57966 Cabrera Port Suite 207,Briggsberg,IA,18742
463,Lindsay,Gonzalez,768-467-9727,1965-07-28,43808 Wood Ville,Barronstad,OR,66105
464,Carolyn,Hernandez,403-925-3368x87,1954-06-28,572 Sandra Loop,South Kimberlyfurt,PA,95830
465,John,Martin,5458026434,1964-05-29,00657 Christopher Street Apt. 221,East Brandonmouth,TN,25041
466,Lisa,Young,+1-253-104-1906,1997-06-04,5875 Alexander Well Apt. 870,Wardhaven,KS,95696
467,Rebecca,Barton,+1-926-549-7879,1980-08-24,1925 Wilson Unions,Daniellestad,WI,08913
468,Michael,Shaffer,184.593.1946,2004-02-20,590 Joyce Pines Apt. 619,Port Ian,AK,98961
469,Eugene,Lamb,300.651.4487,1999-11-08,1437 Jason Viaduct,South Kristen,WV,96128
470,Austin,Shaw,879-410-6746,1997-11-06,96611 Mcpherson Motorway Apt. 782,East Gabrielfurt,ME,14775
471,Bailey,Walters,(108)036-7458,1985-08-02,271 Roberts Heights,New Whitney,UT,35294
472,Susan,Stevenson,815.579.5778x31,1947-01-05,0630 Nicholas Lakes Apt. 410,Tonyborough,OK,69720
473,Ryan,Williams,4187552792,1946-09-23,191 Gross Walks Suite 110,Port Anthony,VT,47489
474,Erica,Carter,908-967-9004x78,2000-06-02,164 Sandra Village Apt. 567,Jasonside,PA,07703
475,Dawn,Diaz,443-479-4631,1951-11-22,845 Johnson Ville Suite 087,Lake Davidburgh,CT,74057
476,Daniel,Hawkins,+1-083-517-4864,1957-05-06,119 Sarah Run,Danamouth,MA,50333
477,Rebecca,Burnett,334.853.5332x61,1965-04-13,8898 Amber Spring,Davisstad,ID,77941
478,Charlotte,Green,021.130.1051x30,1971-03-25,0594 Matthew Common Apt. 150,North Tamara,MI,59818
479,Mark,Burns,325.514.9239x36,2004-03-08,979 Hunt Union Suite 652,Stevenhaven,IL,14123
480,Richard,Gray,+1-496-810-1069,1993-03-10,52005 Serrano Pike Apt. 458,Roachport,AR,34367
481,Brandy,Cook,(122)558-4451x9,1983-07-11,59772 Montes Greens,East Javierfurt,TN,17654
482,Candice,Berry,(903)843-5378x5,2001-01-27,427 Davis Cliff,West Sharon,WY,64842
483,Todd,Skinner,729-740-7068,1954-04-16,8273 Zachary Motorway Suite 552,Whitneyfurt,HI,70053
484,Melissa,Best,001-650-001-717,1964-10-21,1308 Brandy Fort,East Debbiemouth,VA,43655
485,Holly,Murray,001-390-654-526,2002-10-06,32462 Mark Plains Suite 467,Kellyside,RI,43385
486,Natasha,Bell,824.011.9888x84,1945-05-05,021 Hernandez Estate,Lake Kevinfurt,TN,95972
487,Mary,Hancock,+1-560-173-1928,1992-06-21,16765 Peterson Club,Troystad,IN,53008
488,Justin,Gonzalez,321-042-1634,1964-10-11,93708 Smith Ridges Apt. 577,Marystad,FL,11447
489,Deborah,Rice,4926307477,1944-07-16,2146 Luke Port,Richardfurt,AK,13945
490,Kerry,French,+1-464-066-2389,1962-09-25,7533 Danielle Isle Apt. 038,Hillshire,KS,14218
491,Don,Sanchez,+1-396-255-9385,1963-06-26,642 Henderson Turnpike Apt. 629,Keyborough,NJ,34534
492,Julie,Bryant,001-635-452-385,1959-01-20,352 Johns Ridge,Port Jeffreyburgh,KS,97813
493,Robin,James,+1-362-820-6172,2003-10-08,2484 Larry Spring,Melissahaven,TN,74331
494,Jessica,Weber,001-072-035-704,1944-05-12,01072 Angela Loop Apt. 160,South Alfredbury,MT,27282
495,Autumn,Lowe,+1-133-741-3064,1965-06-20,45606 Andrea Wells,East Cynthiaton,ME,08548
496,Heather,Miller,+1-934-417-3156,1966-07-09,6645 Mark Mount Apt. 538,West Denise,IL,78406
497,James,Thomas,001-521-220-486,2000-11-04,08549 Connie Crossing,Brownside,ID,28272
498,Michael,Thomas,(454)779-1748,1963-03-23,966 Gregory Fort Apt. 871,Hallshire,PA,69169
499,Matthew,Patel,127-433-8234x98,1975-12-28,14280 Wade Mission Suite 934,Charleneburgh,FL,83528
500,David,Patel,001-617-949-226,1962-05-10,331 Justin Squares,Port Davidborough,MS,88489
501,Jack,Marshall,(997)710-5400,1954-05-05,5759 Savage Landing,South Lisaburgh,MI,66112
502,Micheal,Arias,569-281-6798x46,1963-04-18,6262 Jones Locks,Kennethstad,PA,56715
503,Bradley,Garrison,(652)255-1313x3,1997-11-26,28190 Gonzalez Ford,Burnettburgh,FL,61943
504,Brian,Payne,324-894-8363x35,1995-07-30,0158 Ricky Grove,Christinestad,MO,02237
505,Veronica,Mccullough,+1-097-169-8250,2000-01-31,745 Taylor Hills,North Ryan,NV,98254
506,Rebecca,Cox,387-465-9445,2004-09-16,7804 Dorsey Brooks,West Candace,VT,39254
507,Luis,Mclaughlin,(816)420-6452x2,1957-07-19,894 Ortiz Dam Suite 705,Brownborough,CO,58970
508,Lindsay,Hartman,423-979-8638x47,1954-09-09,121 Jacobson Tunnel,Anitahaven,VA,80610
509,Travis,Maxwell,(849)185-0573x9,1980-08-26,4248 Wu Wells Suite 081,West Jeffreyhaven,HI,95381
510,Maureen,Jackson,(130)706-5592x5,1974-01-22,242 Theresa Lights Apt. 326,Claytontown,NJ,51798
511,Jody,Humphrey,+1-494-388-0461,1965-02-04,39706 Hart Ville Apt. 512,Josephside,VT,01425
512,Micheal,Liu,203.079.3094x30,1986-11-29,53924 Suzanne Ville Apt. 593,Tiffanybury,LA,13854
513,Roger,Robles,001-716-993-042,1968-12-21,758 Ashlee River Apt. 507,Pattonmouth,PA,62692
514,William,Mendez,001-932-979-445,1992-08-10,898 Smith Cape,East Noahville,NC,79316
515,Michael,Murillo,001-870-148-164,1953-05-23,013 Tracy Parks Apt. 733,South Ashleytown,OK,57893
516,James,Allen,066.325.1667x68,1999-07-10,62885 Baker Flats Suite 734,Haysville,WV,22694
517,Carrie,Russell,+1-028-695-2368,1947-04-12,8543 Stacey Unions,Port Jaclyn,OH,65402
518,Nicole,Hernandez,+1-175-221-2220,1980-02-25,47294 Brian Junction Apt. 855,Shawhaven,NE,31802
519,John,Smith,+1-640-462-8510,2006-11-18,490 Bruce Plaza Apt. 372,Port Marychester,MI,76773
520,Brenda,Rice,215-222-0340,1956-11-07,8116 Gonzalez Inlet Apt. 199,New Carlaland,OH,74651
521,Christopher,Delgado,+1-613-958-8257,1950-05-19,828 David Estate,New James,NY,73224
522,Summer,Jackson,(304)051-9947x8,1984-10-31,3236 Adams Hill,Robinsonside,NH,70334
523,Emily,Crawford,959-098-6993x33,2003-09-20,0937 William Village,Port Michael,IL,46755
524,Joshua,Johnson,001-056-784-937,1956-09-25,744 Andrea Estates Apt. 251,Lake Maryville,VA,07971
525,Christopher,Griffin,9258156358,1960-08-21,1306 Vasquez Flats,East Edwardland,PA,58598
526,Amanda,Kerr,(048)501-7470,1954-03-04,83786 Blevins Terrace,Lake Russell,AR,30084
527,Kimberly,Sanders,001-521-636-218,1958-05-30,0439 Rebecca Burgs,Pittmanview,MO,79020
528,Angela,Simmons,747.886.0241,1956-06-08,51563 Morris Circles Apt. 852,Millerview,HI,48180
529,Brian,Collins,(698)052-7728x0,1970-08-03,42849 Boyd Points,West Ashleyville,MI,25239
530,Robert,Anthony,001-488-523-398,2007-01-08,06774 Lisa Glen Suite 927,North April,NE,70999
531,Julia,Joseph,001-490-669-288,1985-04-02,07590 Martin Park,South Tammystad,NM,19596
532,Jessica,Lopez,(430)555-3406x7,1965-06-02,6170 Andrew Falls Apt. 661,Grayport,NH,86091
533,Kimberly,Cook,(986)823-1801x4,1952-12-02,5487 Powers Mill Apt. 431,Port Alejandro,OR,43470
534,Lauren,Thompson,2670864401,1976-10-16,218 Alexandra Greens,Adrianside,CO,89750
535,Hector,Snyder,289.422.5442x25,1991-08-23,8403 Robert Haven Apt. 988,Gutierrezhaven,KS,10146
536,Ryan,Martinez,+1-643-582-8237,1957-08-09,7643 Mooney Locks Apt. 359,North Philipmouth,RI,22824
537,Kelly,Wilson,001-120-642-565,1961-07-30,3164 Smith Cape Apt. 083,Jasonmouth,MS,37790
538,Angela,Gould,821.230.3864x91,1954-06-03,5237 Khan Gateway Apt. 833,Charlestown,RI,61409
539,Joshua,Lee,(509)395-2003x2,2000-12-07,79078 Larry Ferry,Port John,ID,08089
540,Brandon,Ayers,+1-903-561-8844,1952-12-21,09745 Martinez Groves,South Linda,RI,37431
541,Nina,Gordon,+1-418-029-6320,1966-12-23,4681 Janet Harbors,South Nicole,MA,62512
542,Joseph,Dominguez,(356)218-3794x7,1962-05-26,00931 Coleman Key Apt. 607,East Patrickton,MO,19142
543,Ashley,Harrington,001-043-862-200,1989-06-07,90332 David Loop Apt. 213,Port James,AL,93696
544,Hannah,Hudson,+1-725-960-7282,1950-01-19,35495 Ray Light,Courtneyside,GA,89705
545,Lisa,Vasquez,9669521810,1962-05-07,97011 Anthony Common,West Suzanneview,OR,15925
546,Wayne,Daugherty,001-487-289-899,1968-05-24,40327 Mendez Shores Suite 474,Wadeborough,MI,87758
547,Katherine,Robertson,001-794-355-863,1949-10-01,725 Thomas Estate Apt. 134,Lake Tiffanymouth,MD,35828
548,Julie,Evans,706-016-5285,1946-06-29,344 Owens Mountains,Drewchester,AZ,67902
549,Monica,Ortiz,001-929-408-157,1983-05-11,501 Smith Passage,Port Parkerland,TX,20545
550,Katelyn,Jones,7498860811,1955-12-11,8930 Barbara Junctions Suite 533,Michellestad,WY,70161
551,Brett,Anderson,841-592-4969,2000-04-02,1626 Garrison Streets Apt. 687,New Brandichester,MA,21845
552,Latoya,Hoffman,709-201-7763,1976-01-11,05595 Sandoval Rest,Port Douglasmouth,AK,53299
553,Paul,Reeves,233.507.4087x49,1965-11-21,04520 Jones Summit,West James,MN,65192
554,Ryan,Davis,+1-931-067-4786,1965-11-15,815 Young Isle Suite 328,Kyleshire,OH,34703
555,Joann,Flores,(628)604-2362,1971-05-16,79807 Jon Run Suite 784,Smithberg,SD,12346
556,Melinda,Bell,126-978-3468x50,1958-12-02,7497 Medina Stream,Johnstad,DC,08151
557,Brett,Bowman,001-110-266-594,1990-03-30,25488 Elliott Crescent,Jasminestad,IA,74542
558,Chelsea,Robinson,001-777-382-460,2005-05-03,011 Moore Crescent Suite 888,Stewarthaven,VT,88780
559,Adriana,Williams,(819)916-5129x4,1975-01-24,5128 Jimenez Fall,Chavezberg,UT,19940
560,Matthew,Williams,2545221112,2006-11-18,497 Leach Stream Apt. 168,Moraleschester,MN,85366
561,Cory,Johnson,543-829-7799x11,1971-01-20,938 Jessica Prairie,Markchester,NH,76683
562,Lisa,Perry,001-671-212-325,1961-07-06,524 Taylor Hollow Suite 202,North Gordon,KY,65033
563,Brady,Fowler,(098)697-0087,1945-04-25,1786 Durham Pass Apt. 923,West Sierraburgh,IA,24685
564,Anthony,Vega,(046)306-8272,1955-07-05,839 Jeffery Islands,Fitzpatrickshire,OR,99513
565,Kelly,Morton,323.411.3323x77,1970-06-24,304 Stephanie Spurs,Adamchester,NV,25742
566,Donald,Gomez,(991)558-7187,1945-07-08,4484 Jeremy Stravenue Apt. 810,Sarahtown,NY,70544
567,Rodney,Carr,(433)879-0960,1978-06-09,659 Roberts Road,Mccoyport,AL,66353
568,Kenneth,Alvarado,289-188-7003x61,1981-03-15,99339 Jeffrey Lights,South Cynthia,NC,33061
569,Denise,Lambert,(305)784-0620x1,1971-08-04,24836 Leah Village,Cowanfurt,OR,46867
570,Victoria,Santos,(245)533-5247x4,1984-03-12,7033 Angela Mount,North Micheal,IL,50171
571,Deborah,Pena,441.639.0925x00,1987-10-13,174 Cox Vista,Lake Jenniferchester,IN,30079
572,Daniel,Hall,142.235.7699x49,1954-06-13,975 Cooper Light Apt. 435,Lake Ernestport,IA,21172
573,Caroline,Mason,(806)192-8737x3,1945-03-05,702 Molly Circles,Mooreport,AR,61235
574,Russell,Davis,532-127-5380x69,1960-06-01,4560 Anderson Circles Apt. 022,East Travisport,LA,36467
575,Devin,Gray,001-981-518-563,1955-05-22,459 Robert Center Apt. 457,Joshuaport,NE,36107
576,Alyssa,Harrison,4194729140,1998-03-05,218 Dennis Fords Suite 700,Froststad,NV,66040
577,Frank,Henderson,+1-707-965-2061,1951-11-11,4425 Mary Station,Colleenfurt,RI,33444
578,Michael,Alexander,550.476.3963x18,2000-10-07,8231 Simpson Wells Suite 723,Port Erik,TX,38548
579,Brandy,Collins,(245)963-7820,1982-08-01,146 Murphy Shore,North Darrenside,IN,19826
580,Sheena,Tyler,(667)255-1921x1,1970-03-20,1351 Ellen Squares Suite 189,Melaniemouth,IL,26392
581,Stephanie,Fitzpatrick,0084030514,2007-01-13,14129 Robert Tunnel Apt. 670,Ruthport,ND,09350
582,Shelly,Randolph,(618)908-4555x3,1996-06-05,68835 Pearson Ridge Suite 472,North Sandyview,VT,55922
583,Michael,Johnson,745-532-4198,1992-05-09,7911 Rebecca Stream,Shannonbury,HI,82607
584,Jessica,Roberts,047.950.4631x93,1968-01-09,6330 Brown Freeway Suite 569,Port Ashley,CT,24207
585,Blake,Ward,4934506502,1965-12-04,862 Rodgers Falls Suite 090,East Davidview,DC,16039
586,Alexis,Ramirez,001-482-843-866,1983-02-23,22771 Kimberly Inlet Apt. 934,Lake Elizabeth,NE,74200
587,Timothy,Cain,703-665-3170x73,1966-09-07,0637 Kevin Rapids Suite 142,South Jennifer,NJ,76304
588,Javier,Campbell,001-799-350-570,1960-12-07,40941 Richards Plaza,Kleintown,KY,72830
589,Angela,Knapp,332-038-3606x08,1988-09-13,730 Diaz Cliff,New Charles,FL,23175
590,Mary,Jackson,2950658677,1977-06-09,76315 Zhang Ridges Suite 822,South Ashley,NM,95752
591,Emily,Taylor,001-838-985-084,1956-11-30,0146 Brown Skyway,North Jeremymouth,ID,04411
592,Jennifer,Henderson,418.389.2800,1999-04-16,8370 Rose Ports,Kevinport,SD,34102
593,David,Warner,001-780-643-703,1960-06-27,03550 Reynolds Passage Apt. 750,North Douglas,DE,05936
594,Mark,Olsen,(515)242-2220x3,1960-08-21,9302 Hammond Extension,Lake Timothy,PA,48858
595,Manuel,Carter,001-401-541-446,1993-03-01,3904 Alexander Track Apt. 906,Lake Frederick,LA,64454
596,Stephanie,Myers,8402225053,1953-12-06,48908 Weber Pine,North Marieshire,NC,18956
597,Austin,Lewis,001-556-309-445,1991-04-28,3960 Cummings Cliffs,Lake Williamside,VT,98286
598,Krista,Wright,410-861-8902,1992-06-06,732 Clark Center,Sharonton,MS,63374
599,Victoria,Olson,686.644.6068,2003-04-08,95438 Heath Divide Apt. 758,South Peter,MI,43940
600,James,Martinez,989-365-1296,1976-06-09,924 Crystal Ports,Huntville,CT,03643
601,Howard,Newman,+1-607-373-7509,1960-03-29,065 Michael Valleys Apt. 239,Aprilhaven,MN,17539
602,Samantha,Lopez,0253034828,1967-01-21,4552 Amanda Island,Castroview,NE,16741
603,Jennifer,Rodriguez,107.614.5763,1946-11-01,1042 Kevin Wells Apt. 494,East Robinborough,WI,82572
604,William,Mcguire,(040)749-0394,1993-02-11,53830 Robyn Shores,Jamestown,GA,85432
605,Kevin,Williams,(297)855-4386,1981-09-29,9757 Alexander Radial Suite 992,Andersonfurt,ID,14502
606,Laura,Riddle,795-462-2573x96,1945-03-13,069 Gordon Haven,Tammyburgh,IN,89764
607,Robert,Norris,(367)565-5907x0,1991-08-19,9473 Christopher Lights Apt. 337,Lake Victoriamouth,FL,83501
608,Jennifer,Lewis,+1-871-337-5558,1961-05-20,036 Barber Tunnel Suite 615,New Bryantown,VT,99594
609,Kevin,Hayes,001-549-871-136,1970-11-24,38423 Guerra Harbor Suite 038,Lake Christopherville,TN,84259
610,Melissa,Castillo,+1-181-542-7946,1969-05-22,0982 Thompson Road Apt. 296,South Amystad,TX,04556
611,Joseph,Tanner,+1-308-462-7279,1955-06-22,2858 Mccall Forest,Lake Terrifort,IA,44460
612,Brian,Jones,120.228.3916x51,1947-10-06,779 Allen Corners,Elliotttown,TN,38802
613,Mary,Reynolds,314.059.5315,2000-07-09,49493 Pamela Stream,South Antoniochester,MA,82183
614,Cynthia,Campbell,+1-714-591-5115,1953-08-28,422 Shaw Branch,Georgeberg,DE,23044
615,Lindsey,Dyer,001-097-976-595,1968-03-24,4478 April Port,Andersonview,UT,48837
616,Michael,Allen,(370)921-8927,2006-10-06,6548 John Ports Apt. 908,Rachelshire,FL,93934
617,Andrew,Bauer,001-114-189-189,1961-10-06,002 Becky Run Suite 698,Nicoleburgh,DC,56085
618,Pamela,Walls,001-283-336-725,1969-05-26,28959 Tristan Heights Suite 299,North Jorgebury,VA,63640
619,Zachary,Hubbard,2471079711,1993-04-09,74095 Price Hills Apt. 742,East Annaburgh,OR,58551
620,Michael,Lewis,367-388-3603,1976-08-03,0128 Colleen Orchard,Lake Melissa,IL,34831
621,Justin,Webster,001-717-452-595,2004-06-20,62181 Crawford Ports Suite 904,West Michaelshire,MS,50181
622,Heather,Horton,001-906-112-467,1950-11-05,13282 Harry Avenue,Gordonshire,VT,01116
623,Brandon,Gross,972.305.0987x23,2005-11-28,6382 Ramirez Spring,Staceyside,MI,94445
624,Joshua,Goodman,554-148-6443,2004-03-07,9448 Hines Lake Suite 015,Port Kevinland,UT,48171
625,Michael,Bishop,+1-760-446-5414,1966-04-26,47173 Cain Mount,Bakermouth,NH,35745
626,Mark,Scott,877.368.7855,1952-06-08,3634 Jensen Lodge Apt. 551,Jenniferfort,CO,94913
627,Tyler,Schmidt,001-159-681-130,1955-09-25,680 Jessica Well Apt. 902,Garyland,UT,61107
628,Lauren,Lewis,583.424.5746x30,1985-06-30,340 Rogers Street,Bakerfort,MT,63601
629,Timothy,Higgins,120-866-5925,1982-01-20,494 Regina Shores Apt. 442,West Candice,AZ,37172
630,Yolanda,Jones,071-742-8428x15,1992-08-19,9135 Jenkins Spring,West Sarah,KY,85309
631,Sandra,Johnson,316-803-2877x31,1998-12-27,46756 Natasha Land,Arnoldside,CT,38888
632,Kevin,Cisneros,3126667435,1960-01-24,41712 Daniel Court,West Kellybury,CO,37897
633,Lawrence,Thomas,0560096669,1993-05-14,3653 Betty Wells,Mcleanburgh,ME,77790
634,Diana,Hinton,+1-134-344-7894,1977-07-15,9340 Mcdowell Circles Apt. 852,Davidborough,VA,43306
635,Julie,Flynn,187.164.6067x78,1951-09-10,593 Ashley Plains Suite 353,Stephanieville,UT,76912
636,Veronica,Blackwell,992.905.9784x61,1999-09-04,546 Daniel Throughway,Andersonstad,IL,06030
637,Eric,Thompson,162-316-8810,1955-06-26,05707 Chavez Plains,Oconnellfurt,CA,43505
638,Richard,Weeks,8478796126,1948-08-11,8499 Dudley Square Apt. 295,Juanfurt,MN,00604
639,Stephanie,Reynolds,+1-304-067-9742,1946-04-19,38950 Taylor Trail Suite 792,Kimberlyside,FL,16787
640,Brandon,Gallegos,(001)930-4903x2,2003-02-19,1280 Janice Ville Suite 158,Jacobview,IA,83759
641,Jean,Rodriguez,001-841-179-206,1976-10-27,191 Lee Mountains,North Michelle,OR,53062
642,Caitlin,David,(674)575-4894x7,1988-04-18,61421 Fisher Trail,Kimtown,SD,60446
643,Stephanie,Thornton,7939399996,1961-04-03,1539 Wall Mountain Suite 873,Kelliland,ID,80878
644,Samantha,Miller,748.448.9213,1992-02-12,9628 Christine Parkways Suite 667,South Michaelview,KY,70910
645,Steven,Frazier,6560474828,2005-02-05,6771 Watson Fields,South Lorifort,MI,73323
646,William,Ryan,001-140-131-303,1988-06-13,7330 Roy Bridge,Lisatown,IA,11855
647,Chelsea,Foster,(827)728-6663,2003-04-09,09504 Moreno Junctions,North Jillberg,HI,38713
648,Lindsay,Owens,375-229-9993x99,1992-07-03,5390 Sanders Lake Suite 021,East Henrybury,MO,39429
649,Jamie,Morris,(896)999-2104x3,1984-10-26,06821 Patrick Fields,New Andrewshire,WV,33781
650,Jill,Franco,866.398.1410x70,2002-06-29,50306 Brenda Mountain Suite 220,Lake Michaelton,WV,27681
651,Cassandra,Miller,421-853-8454x89,1947-03-17,425 Megan Brook Apt. 423,Port Jacob,WI,58728
652,Melissa,Bush,(484)066-4125x6,1972-06-12,595 John Keys,North Jacobville,WI,58349
653,Dalton,Stanley,986.002.8950x49,1953-06-15,058 Michael Spur Apt. 491,Kristophertown,MD,85289
654,Dana,Long,+1-233-388-9552,1946-10-30,160 Daniel Centers,Kaitlinmouth,OH,00987
655,Chelsea,Walker,+1-054-964-1287,1946-11-28,0700 Allen Roads Apt. 205,Raymondchester,ND,35706
656,Jason,Ward,7545625024,1950-03-30,094 Tran Track,West Erin,IA,08384
657,Michael,Love,(092)653-1950,1944-06-24,752 Richardson Viaduct Suite 002,Port Jenniferland,OH,08405
658,Jennifer,Gibson,425-307-6863x11,1963-09-13,136 William Alley,North Charlesville,KS,78908
659,Rickey,Montgomery,001-953-870-869,1990-05-11,077 Becker Springs Apt. 363,West Zacharyhaven,PA,63098
660,Isaiah,Hart,(692)041-2042x7,1988-06-15,0568 Patrick Passage Suite 576,Wandaport,FL,58809
661,Shannon,Gray,5146021277,1973-04-12,2790 Margaret Station Suite 977,South Barry,TX,05726
662,Jonathan,Brock,0968477106,1965-04-05,7227 Kerry Loaf,West Josephhaven,MS,55685
663,Ronald,Garcia,001-064-412-674,1991-03-11,320 Don Glen Suite 038,Sandersbury,OK,11844
664,Walter,Nelson,879.034.4388,1995-12-01,545 Henderson Views Suite 214,Reginafort,AL,07976
665,Erica,Faulkner,(457)801-1142x5,1974-04-09,876 Madison Fords,Mckenziefort,OR,17076
666,Jeremiah,Miller,072.978.6206x66,2002-09-22,7158 Moreno Ville,Lake Maxwellborough,MI,78188
667,James,Brooks,420-603-1564x49,1952-03-08,573 Diaz Crest Suite 824,North Cameron,VA,37536
668,Lisa,Gomez,(848)161-8250x1,1966-03-21,226 Eileen Greens,East Carlos,NY,54419
669,Kiara,Hunt,+1-983-911-1624,1991-07-09,1846 Ashley Plaza,North Angela,OK,52938
670,Erin,Jones,304-303-8080x51,1988-07-09,35611 Rogers Curve Apt. 251,East Garystad,AR,71678
671,Marco,Davenport,(353)342-7168x7,1986-12-10,288 Arellano Villages Suite 158,North Regina,MT,81653
672,Jordan,Todd,001-961-950-235,1997-02-06,779 Ashley Island Apt. 909,South Erikborough,MN,46217
673,Patricia,Wilson,+1-114-360-7330,1984-04-04,307 Gloria Underpass,Bennettfurt,MA,88787
674,Peter,Dennis,(627)160-9509x2,1983-05-14,84707 Eric Lakes Apt. 075,Lake Matthewburgh,VA,74315
675,Mikayla,Kennedy,001-279-340-070,1980-05-04,584 Ford Shores,New Robertbury,KS,38652
676,John,Martinez,(701)831-6646x0,1957-04-05,532 Jeremy Glen,East Elizabeth,FL,69198
677,Christian,Gibson,+1-119-274-1198,1977-06-26,7800 Kenneth Shoals,North Sheri,AK,10706
678,Ashley,Alexander,994-340-8418x34,1999-08-30,542 Diaz Port,Stephenshaven,MO,75490
679,Anthony,Pierce,+1-074-902-6340,1974-05-25,80967 Angela Freeway,Johntown,NM,32866
680,James,Walter,(833)514-9974,1959-09-15,778 Chris Plaza Suite 220,North Tonyafurt,TN,59153
681,Thomas,Watkins,(421)829-4972x2,1967-12-04,957 James Causeway,Phillipmouth,ID,89699
682,Angela,Buck,+1-937-553-4336,2004-10-19,96455 Stuart Ridge Apt. 837,Hesterton,MT,77323
683,Lauren,White,+1-382-234-3524,1964-04-18,796 Coleman Mills,West Austinberg,ID,07814
684,Scott,Dennis,001-467-914-695,1974-10-01,91583 Holt River,New Alexanderland,CO,90444
685,James,Williamson,+1-757-260-0563,1951-08-02,409 Lin Roads,Travistown,KY,10927
686,Albert,Hill,2240951205,2006-08-23,5572 Davis Curve Apt. 837,Smithfurt,SC,59652
687,Daniel,Martinez,760.219.2835x19,1986-06-14,982 Mitchell Meadows Suite 755,South Andrew,AL,69524
688,Samuel,Fitzpatrick,+1-343-749-7906,1989-07-05,00825 Anne Mount Apt. 825,Robertchester,ID,91306
689,Kenneth,Townsend,001-248-223-081,1981-05-19,8443 Jessica Field Apt. 075,Jacksonfurt,TN,02284
690,Rebecca,Murphy,864.800.4840,1996-02-14,114 Kimberly Point Apt. 606,Port Nicole,OH,42280
691,Marcia,Williams,(813)401-8249,1949-02-17,265 Luke Burgs Apt. 244,Lake David,MN,75350
692,Lisa,Hughes,(959)784-7110x2,1957-11-08,788 Kelly Passage Apt. 568,Lake Jorge,UT,36217
693,Robert,Cain,(826)440-0331x1,1956-01-11,5164 Kelsey Lodge,Port Rachel,MO,45142
694,Brian,Chambers,(845)468-7143,1950-11-18,7260 Evans Station Suite 626,Rhodestown,VA,15267
695,Eric,Dorsey,001-849-174-637,1951-02-19,1609 Danielle Center,Kristyport,MI,15326
696,Brittany,Woods,154.837.5383x56,1982-05-18,7266 Scott Station Apt. 952,North Scotthaven,NC,64605
697,James,Coleman,+1-637-434-1428,2002-12-19,77797 Green Forges Suite 069,Lake Tracey,UT,29051
698,Garrett,Mason,+1-432-856-3497,1945-12-11,0049 Phillips Tunnel Suite 872,Michelletown,VT,60209
699,Kristopher,Romero,(685)279-1673,1969-04-07,72053 Smith Forest Suite 826,West Jeffreytown,ID,84768
700,Brenda,Taylor,001-066-500-849,1995-02-15,4693 Kevin Brook,North Davidchester,SC,23559
701,Karen,Vargas,(600)449-5362x3,1965-02-25,2808 Ortiz Rue Suite 574,Cruzview,AZ,98684
702,Bradley,Thompson,480.167.9955x53,1950-11-10,178 Riddle Cove,Roseview,LA,56475
703,Barbara,Green,+1-338-040-7728,1945-12-18,3346 Bright Lock Apt. 288,Davisfort,NY,51566
704,Jennifer,Barnes,193.739.5556,1989-08-13,6734 Wright Turnpike Suite 047,West Jamesberg,KY,13544
705,Michael,Hughes,+1-964-839-9584,1986-10-02,04627 Nicole Loaf Apt. 445,East Lauraton,ND,50508
706,Melissa,Padilla,3709968818,1997-08-11,8125 Cody Trail,Laurastad,VT,73015
707,James,Nelson,(187)153-4674x2,1992-08-16,902 Estrada Streets Suite 225,Reneeburgh,MI,06752
708,Cynthia,Jefferson,001-628-227-800,1946-03-14,058 Bailey Forges Suite 339,Sullivanborough,IL,36027
709,Erika,Petersen,(155)297-0352x5,1964-08-07,134 Ashley Plain,North Mary,KS,10515
710,Ashley,Copeland,(189)127-2612,1994-11-21,8415 Flores Prairie Suite 255,Port Kenneth,DE,00905
711,Melissa,Hancock,+1-062-128-0024,1964-10-28,5426 Rose Flats,Daniellehaven,WI,07011
712,Jeremy,Alvarez,001-818-630-382,2000-08-19,5196 Downs Inlet Apt. 570,Maryhaven,VT,78902
713,Debbie,Sanders,883-261-4521x89,1959-05-26,746 Jason Plains,East Masonburgh,TX,12161
714,Jeffery,Wilcox,001-738-603-363,1989-10-03,928 Jacob Village Suite 996,Lake Catherine,WI,12969
715,Steven,Russell,(562)330-4948x0,1973-03-19,8500 Hanson Center Suite 000,East Karen,WI,91776
716,Tara,Nguyen,443-121-5429x36,1948-01-09,768 Diaz Shoals,South Megan,OH,14780
717,Ann,Gomez,(816)754-9271x7,2003-09-10,9750 Carol Street,Andersonton,SC,19813
718,Ian,Oneal,+1-346-557-5242,1967-07-15,49327 Lewis Isle,North Meghan,DC,76953
719,Nicole,Frank,001-758-634-350,1945-10-01,92941 Christine Drives Suite 543,South Jacqueline,NY,56149
720,Randy,Davidson,(866)233-3525x5,1987-01-07,90800 Amber Flat Suite 503,Smithmouth,NM,46148
721,Alison,Dean,+1-182-199-7249,1995-12-28,4533 Jason Prairie,South Anthony,OR,52223
722,Kathleen,Hendrix,(028)086-7400x1,2001-04-10,2998 Figueroa Rest,Victorview,NV,41966
723,Jason,Hall,4224475489,2005-07-23,06009 Teresa Locks Apt. 054,North Timothy,AL,85878
724,Bryce,Rodriguez,274-674-0042x41,1968-04-20,7266 Mcdaniel Tunnel Apt. 684,New Davidville,KY,76617
725,Robert,Aguilar,702.411.5632x40,1997-01-05,520 Moore Heights,Baileyside,AZ,77517
726,Alicia,Harding,(109)047-1567x3,1954-03-10,280 Kemp Green Suite 804,Johnsonport,SC,07962
727,Phillip,Smith,001-982-868-439,1968-06-12,940 Sullivan View Apt. 918,West Michael,MT,32957
728,Kevin,Miller,+1-829-194-3948,1987-11-25,646 Jesse Camp Apt. 784,Williamston,KY,68247
729,Eric,Thompson,+1-972-503-0850,1981-01-09,916 Wilson Glens Suite 138,Dawnburgh,WA,80014
730,Joseph,Watts,539.414.1047,1953-06-08,32179 Bradley Row Apt. 255,New Noah,OR,18537
731,Jonathan,Wells,001-610-253-974,1980-05-28,371 Anderson Lights Suite 209,Port Larrymouth,NY,82840
732,Daniel,Porter,448-520-6850x02,1983-01-28,53798 Dawn Rapids,New Robertland,NC,43103
733,Melissa,French,+1-249-507-6223,1968-12-07,2354 Harold Views Suite 007,Port Darylburgh,SC,37288
734,Heather,Clark,936-155-1422x51,1983-06-26,7692 Jacob Squares Apt. 375,Loriport,AR,28700
735,Cheyenne,Coleman,(284)960-5578x2,2005-02-15,19041 Tracey Streets Apt. 387,East Vanessashire,NV,03970
736,Brittany,Dalton,(117)876-9262x9,1968-07-27,2732 Patricia Cove,Port Christine,MS,82508
737,Lauren,Smith,167-184-8625x92,1990-09-10,2139 Giles Burg,West Stephenstad,GA,75982
738,Joan,Stone,(472)420-0699,1977-03-17,59900 Porter Underpass,Richardsonport,AZ,79927
739,Stephanie,Ford,089-345-9787,1985-04-21,8624 Barry Brook Apt. 748,West Amanda,WA,16674
740,Alan,Mejia,622.586.5608x60,1981-09-01,8109 Brooke Springs,East Danielle,ND,23015
741,Jason,Wright,610.512.6723,1999-09-20,43528 Dennis Greens,Turnerfurt,AZ,83569
742,Sean,Sparks,810.380.6573x37,1945-03-30,2763 Woods Flat,Phillipview,OR,31832
743,Steven,White,+1-505-294-7648,1953-11-23,6858 Mills Greens,Michaelstad,AZ,34551
744,Donald,Gomez,(607)505-4709x6,1957-11-21,816 Mary Highway Apt. 126,East Donnaberg,VT,43494
745,Roger,Marquez,(497)529-8700,1985-10-17,936 Troy Crest,West Craig,MD,14343
746,Jacob,Rogers,9905232876,1951-04-12,77651 Rodriguez Lake Apt. 975,Torresview,KS,27044
747,William,Smith,314.649.2651x42,1983-08-21,9935 Mcclain Hills,Wellsbury,GA,91417
748,Shannon,Simmons,7397768477,1971-01-08,1181 Mitchell Islands Apt. 928,Austinview,TX,84667
749,Andrea,Salazar,(100)030-7912x5,1957-03-26,572 Lisa Dale Apt. 894,Francobury,WV,18262
750,Julie,Blanchard,+1-032-192-1359,1963-07-13,23354 Santos Ford Apt. 538,Medinaville,NH,77224
751,Lauren,White,646-630-1413x40,1945-09-18,54197 Kari Courts,South James,MI,21456
752,Jerry,Scott,+1-404-546-5076,1997-08-26,2045 Thomas Estates,East Shawnland,KY,70402
753,Sara,Bishop,+1-189-571-7233,1965-09-02,550 Simmons Summit Apt. 920,Johnsonborough,ID,01259
754,Victoria,Armstrong,989.178.5785,1944-11-14,678 Roman Wall,Whiteburgh,ME,57400
755,Catherine,Hall,1514029602,1980-10-28,2440 Jackson Landing Suite 431,Manuelstad,NC,50390
756,Chelsea,Edwards,001-755-489-735,1958-11-05,87297 Jessica Shores Apt. 449,West Lauraborough,MT,08201
757,Justin,Henderson,001-382-815-904,2000-06-27,0550 Brewer Inlet Apt. 820,South Christopherfurt,IL,10928
758,Michelle,Morales,741.392.0887,2003-01-27,66077 Gregory Stravenue,Port Richardhaven,ME,92215
759,Joanna,Proctor,001-626-886-088,1951-05-30,0955 Andrew Ridge,New Lisa,WY,28820
760,Heather,Mccullough,546.469.9343x19,1999-12-20,941 Cooper Ranch,South Davidbury,ME,96564
761,Angela,Kaufman,668-484-2105x88,1991-01-21,55150 Michael Meadows,Jacquelineside,NJ,00572
762,Juan,Reed,(461)700-8509x4,1953-05-19,396 Nichols Dale,North Erinshire,IA,82697
763,Lindsey,Pacheco,+1-310-006-2295,1955-03-28,1699 Esparza Way,Floresborough,KS,25963
764,Frances,Johnson,001-894-461-030,1959-10-09,3216 Torres Mill Apt. 225,Dustinshire,KS,04364
765,Carol,Cooper,001-761-507-392,1959-07-09,895 Harris Stream Suite 606,Christophershire,NV,16989
766,Connor,Bennett,735-879-2281x65,1945-07-14,497 Evans Common,East Michele,ND,79746
767,William,Jennings,001-313-007-633,1964-06-05,07092 Joseph Grove,Allisonstad,IN,47089
768,Sandy,Butler,(779)321-6816x4,1972-10-30,0003 Rasmussen Harbors,Fisherville,MN,93823
769,Gabriel,Washington,(546)598-9729x7,1969-07-07,1920 Simmons Forge,West Thomasmouth,TX,74318
770,Julia,Bennett,383.329.8866,1975-09-04,3662 Morrison Road Apt. 556,East Marcia,RI,41234
771,James,Lowery,001-056-682-750,1996-06-10,767 Jennifer Ridge,Lake Donna,LA,30123
772,Edward,King,141.744.2796,1992-01-27,596 Cantrell Springs Apt. 393,Nicolehaven,NM,20289
773,Nicole,Hart,+1-536-726-5109,1955-01-19,8755 Mann Walks Suite 641,Sharontown,SC,02458
774,Leah,Bryant,038.750.1327x49,1994-05-24,4646 White Ports,Port Michael,OH,64342
775,Bryan,Rasmussen,384-333-4160x25,1955-07-28,7878 Katie Wall,East Joy,ND,79650
776,Alexandra,Jones,059-279-1226,1948-04-02,9771 Renee Hollow,Kevinfurt,UT,06383
777,Nancy,Chen,618.647.1923x89,1976-06-04,81159 Matthew Terrace Suite 774,East Kathleen,MA,39835
778,Steven,Sherman,725.515.5562x23,1963-03-16,68351 Davidson Gateway Apt. 170,Moorebury,NJ,41854
779,Kim,Turner,216.772.6058x14,1947-08-14,34401 Tran Drive,Tanyaton,ND,47923
780,Ricky,Ramos,(029)210-2314x0,1964-11-16,21573 Klein Points,Port Anna,NJ,22384
781,Bryan,Mitchell,0344132464,1954-08-14,3038 Webb Islands,Port Wesleybury,WV,45737
782,Dana,Knox,(086)167-3325,1956-10-17,727 Allison Center Suite 248,North Larrytown,WV,68665
783,Jason,Jones,001-375-360-577,1965-12-15,121 Vasquez Plain,Port Dawn,MI,72655
784,Michael,Guzman,763.201.5599,1967-11-23,47132 Taylor Roads,Melissaburgh,NV,77956
785,Jose,Mathews,605.917.3254x32,1983-04-16,10943 Kramer Road,East Shannonland,MO,70767
786,Christopher,Howard,001-456-700-786,1945-10-20,50838 Geoffrey Port Apt. 472,South Jessicahaven,NV,67451
787,Margaret,Alvarado,162-211-1515,1950-06-23,6623 Stephanie Roads Apt. 690,South Michael,VA,63046
788,Sandra,Warner,001-187-324-382,1977-04-23,66562 Lindsey Avenue,South Tiffanyborough,OR,25073
789,Misty,Brown,893-171-7111,1956-05-28,9985 Michelle Meadows,Hardyfort,DC,59263
790,Michael,Fleming,(085)885-5637,1953-12-31,0978 David Grove Suite 535,West Cristina,AZ,28731
791,Michael,Howell,+1-651-623-2405,1953-02-04,04399 Charles Ranch Suite 755,Harveybury,SC,52184
792,Julia,Davis,331-743-4312x87,1985-03-02,121 Fisher Field,New Lisatown,NM,50419
793,Chad,Meyer,2369889269,2007-03-27,02635 Hannah Spurs Apt. 407,Fordside,NC,57534
794,Laura,Martin,(036)213-2967,1946-04-08,351 Cisneros Route Suite 059,Millerchester,RI,86156
795,Ronald,Marshall,8673619009,1981-06-15,90171 Jensen Ridge,Port Jeremy,AL,70038
796,Lori,Brown,6438748084,1988-10-01,387 Perry Port,Dorothyport,KY,42482
797,Cameron,Mitchell,537-841-6635,1991-09-20,86055 Jennifer Orchard Apt. 017,Williamsfurt,FL,10260
798,Sarah,Miller,001-897-733-772,2001-10-28,527 Hunter Road,South Allison,MO,02127
799,Kyle,Lester,202.131.7598x53,1974-05-23,7908 Timothy Station,Timothyton,NV,99195
800,Anna,Lewis,490.574.3285,1952-10-25,1000 Lucas Spurs,Gomezfort,MT,18503
801,Anthony,Wilson,+1-614-218-7879,1986-01-16,39248 Leslie Land,West Stephanie,MA,13870
802,Ashlee,Garcia,+1-696-195-7025,1968-09-12,292 Daniel Mission Apt. 113,West Meganshire,RI,43145
803,Stephanie,Kramer,(865)274-8744x9,1961-07-01,24025 Shane Parkways Apt. 588,Bradleyport,OH,69930
804,Erin,Williams,001-214-815-904,1980-04-22,421 William Vista,Taylorville,OH,00822
805,Brandon,Woodward,001-420-635-938,1973-11-28,0019 Whitaker Mall,Lake Robin,MD,99354
806,Kelsey,Simon,001-686-299-876,1971-03-19,388 Elizabeth Garden,South Brittany,LA,79672
807,Bobby,Gonzales,(250)585-0292x2,1958-06-19,28193 Henry Orchard Apt. 331,South Danielland,CO,83381
808,Annette,Glover,924.956.2086,1990-02-10,6106 Juan Loaf Apt. 100,Kerrview,SC,00710
809,Nancy,Schaefer,(141)294-8655x8,1955-08-08,3478 Brooks Glen Suite 985,West Stephanie,ID,14647
810,Roy,Martinez,001-202-740-667,1998-05-31,7705 Mary Mills,Millerborough,NC,30743
811,Kristin,Vaughan,001-273-352-948,1985-06-09,216 Trevor Avenue Suite 043,Meganmouth,DE,89275
812,Dennis,Turner,2399720251,2004-11-25,106 Hernandez Hills Suite 904,Cheyennestad,FL,69169
813,Eric,Smith,(242)099-3202,1955-11-29,0379 Mclean Roads,South Jessicaport,SD,54785
814,Ricky,Cook,001-173-718-862,1982-07-31,357 Meghan Parkways Apt. 112,South Emily,MD,75541
815,Kenneth,Nguyen,+1-051-467-6697,1975-03-18,745 Hector Crest,Lake Johnville,NY,11382
816,Melinda,Gilbert,+1-391-121-8051,1999-01-13,502 Moore Flats,East Justinbury,OK,39916
817,Melinda,Rodriguez,001-137-627-733,1983-01-22,5495 Bradley Creek Apt. 912,West Normanberg,MD,91087
818,Trevor,Robinson,001-631-577-291,1951-09-28,753 Wilson Estates,Andreastad,NY,64031
819,Jeremy,Crawford,001-935-448-194,1969-06-25,38455 Antonio Centers Suite 077,Yeseniatown,NC,74206
820,Elizabeth,Smith,(029)834-1227,1987-06-17,96612 Mcneil Mountains Suite 101,New Calvin,MA,63577
821,Joshua,Moore,633-560-2723x84,1984-09-18,7263 Mann Parks,West Andrew,SD,37043
822,Sean,Johnson,+1-129-253-0213,1981-05-07,592 Michele Vista Suite 033,West Cindyview,CA,61984
823,Brandon,Parrish,(480)479-8173x4,2004-03-01,7382 Samantha Point,North Patrickfort,LA,76345
824,Jason,Stephenson,194.959.2474,1991-05-19,2384 Vasquez Summit,South Johnshire,HI,98964
825,James,Wolfe,(024)047-0258,1952-04-28,378 Beth Corner Suite 109,Jacobfurt,MN,26854
826,Karina,Taylor,001-601-163-956,1954-06-03,023 Bradford Forks Suite 299,Ortizview,MO,58776
827,Christopher,Ross,2977757611,1988-05-16,77477 Mckay Causeway Suite 166,Amymouth,MO,08756
828,Anne,Jones,405.914.3241x01,2000-06-19,1056 Jennifer Lodge,Stewartview,ME,29710
829,Heidi,Robinson,816.521.5922x88,1964-03-30,01624 Brown Court Apt. 942,New Douglaston,OK,60149
830,Sarah,Dennis,+1-113-179-7818,1994-09-29,385 Timothy Hills Apt. 631,South Robertmouth,CT,19642
831,Phillip,Henderson,6350191617,1996-04-04,05570 Jody Shores,New Lynn,CA,15467
832,James,Solomon,318-767-3545,1948-07-13,2219 Dalton Fork,Armstrongside,OH,28109
833,Debra,Hernandez,773-339-9049x78,1950-06-15,552 Norman Meadow,Cooperview,MA,19541
834,Michael,Cunningham,338-067-0832,1966-02-03,3806 Wong Throughway,Scottstad,MI,18365
835,Sarah,White,040.730.8171x78,1979-01-16,951 James Orchard,New Williammouth,DE,77473
836,Robert,Mccarthy,+1-005-790-2582,1955-01-29,0551 Daniel Station,West Jasonshire,UT,60168
837,Jonathon,Riley,999.374.6076,1998-06-12,2628 Gonzalez Brook Suite 619,Morganbury,AL,93944
838,George,Miller,325.108.0716x85,1950-04-26,8414 Hudson Harbor Suite 327,East Brittanyfort,KY,21885
839,Carla,Hunt,+1-265-225-5836,2001-01-06,018 Elizabeth Cliffs,Christopherville,KS,02414
840,Pamela,Wong,618-802-9445x26,1957-07-29,9920 Frazier Mission,Isaiahstad,MD,78345
841,Alyssa,Mason,617-228-2324,1992-02-01,5515 Linda Rapids Apt. 465,Pearsonmouth,MA,28563
842,Tracy,Miller,174.235.9873x17,1957-04-16,26339 Debbie Roads,Danielleland,TX,10284
843,Stephen,Martin,(007)661-7241x5,1947-03-31,6648 Timothy Loop Apt. 458,Paulafort,SD,85984
844,Anthony,Ross,887.961.1818x81,1989-01-18,3850 Chandler Knoll Apt. 941,East Jessicaland,AR,62575
845,William,Parrish,340.138.3461x05,1976-02-16,0927 Oliver Pine,Steinport,IN,36640
846,Michael,Green,347.558.9580,2005-03-21,57045 Sarah Plaza Apt. 449,Pamelamouth,NH,41297
847,Donna,Romero,+1-568-295-1716,1963-10-18,52337 Vanessa Estate Suite 893,New Brandon,RI,16119
848,Steven,Larson,+1-281-341-6605,1987-01-29,90883 Janice Rapids,Elizabethmouth,NM,69358
849,Karen,Brown,6192187975,1980-09-07,512 Mary Lodge Suite 520,Kruegerchester,AR,59638
850,Austin,Romero,724.246.4946,1958-06-10,924 Holly Garden Apt. 058,East Catherinetown,DE,67754
851,Amy,Lopez,001-507-020-745,2003-06-23,60100 Yates Fork,West Troy,MI,63101
852,David,Roach,+1-382-708-3606,1974-11-06,2952 Rivas Parkways Suite 124,North Ryanfort,OK,47954
853,Lisa,Quinn,129.917.6999,1987-01-20,01904 Shepherd Roads Suite 242,North Andrea,WV,38853
854,Ryan,Gardner,542.151.1391x49,1979-07-31,06689 Mitchell Stravenue Suite 092,Goodmouth,WA,21639
855,Marilyn,Wiggins,445.041.3983x15,1965-01-15,9143 Cardenas Row,West Justinmouth,NY,61051
856,Jennifer,Strickland,001-057-470-253,1983-07-08,486 Mclean Villages Apt. 557,Gonzalezmouth,ME,43638
857,Joseph,Murray,001-273-678-630,2004-09-20,517 James Wall Suite 966,Richardport,CO,34364
858,Christopher,Singleton,710.511.9333x23,1983-02-15,45987 Woods Lakes,Williamsbury,MN,04125
859,John,Watkins,974-077-8733,1974-01-30,2178 Jessica Roads Apt. 173,West Timothy,KS,63655
860,Elizabeth,Cox,(740)024-7129x7,1954-11-26,714 Ashlee Branch,Maryborough,PA,34745
861,Danny,Pope,4575174671,2005-12-06,911 Bates Estates,Lake Cristian,NV,98139
862,Nicholas,Elliott,(583)518-0012,1986-10-19,86733 Lewis Pine Suite 393,Port Jesse,MA,35433
863,Gloria,Bennett,001-623-623-320,1972-02-10,204 Cole Fields Apt. 578,Joshuamouth,PA,84513
864,Nicholas,Lee,445.288.9230,1983-09-17,17643 Gregory Viaduct,Lake Michaelport,MT,66662
865,Stefanie,Crawford,080-735-3684x93,1973-02-25,92671 Gay Fields Suite 808,Port Melissafurt,NM,87823
866,Justin,Miles,368-223-1295x01,1987-04-19,15842 Hoffman Circles Suite 426,Lake Victoriastad,CT,75394
867,Catherine,Gallagher,001-182-475-198,1996-03-17,382 Diana Trail Apt. 386,Juanview,ND,81175
868,Cathy,Lynch,001-613-032-258,1952-05-18,610 Haas Harbors,Spenceburgh,PA,90246
869,Lindsay,Lyons,001-225-652-439,2002-04-20,3214 Smith Crossing,South Judyland,RI,17886
870,Jason,Duncan,105.766.3812x94,1983-02-18,7352 Hines Burg Apt. 246,Melissaberg,ME,55348
871,Holly,Cross,5578293054,1954-08-15,88578 Smith Valley Apt. 237,North Michaelstad,AK,34493
872,Lisa,Case,(542)766-7629x6,1966-04-24,74925 Ann Port Suite 749,Karistad,WV,74053
873,Thomas,Powers,001-169-286-145,2002-06-30,636 Harmon Landing Suite 267,Baileyville,AK,41831
874,Jeff,Thomas,286.646.3194x59,1957-01-24,999 Hays Stravenue,Wallacetown,TN,26521
875,Angela,Hardy,+1-863-391-3089,1967-10-19,83979 Rodney Dam,West Melanieview,VA,34255
876,Tammy,Calderon,(565)403-8165x3,1968-07-16,0800 Brenda Hill Apt. 654,Lake Williammouth,OR,85618
877,Lauren,Barnes,001-993-352-654,1968-04-27,13579 Adams Gateway Suite 328,West Cindy,OR,06063
878,Patricia,Cowan,123.745.2717,1953-08-26,24330 Bonilla Pass,South Kyleberg,OH,41506
879,Nathaniel,Martin,+1-121-845-0361,1994-08-31,052 Butler Squares,Davischester,HI,53841
880,James,Burns,4033861367,2002-07-08,080 Michael Field,Brownview,AL,96760
881,Laura,Cobb,786-736-5467x12,1990-12-11,92019 Judy Parkway Apt. 877,West Victoriaside,ME,72065
882,Jeffrey,Bartlett,+1-830-299-4393,1957-04-30,613 Watson Green,Lake Michelle,ID,38295
883,Jennifer,Day,+1-829-775-0839,1997-11-23,206 Scott Squares,Porterfurt,CA,84068
884,Michael,Davenport,+1-074-458-5819,2002-02-12,84017 Laura Meadows Suite 875,North Mindy,MS,02894
885,Elizabeth,Roberts,(618)350-6258x1,1978-05-24,2642 Julia Mills Suite 568,Lake David,LA,08355
886,Jimmy,Craig,+1-997-290-7994,1979-11-03,73944 Yang Tunnel,Garciachester,NE,35779
887,Diane,Crane,5560912092,1999-09-09,9394 Luke Motorway,New Shannonbury,MO,86808
888,Felicia,Powers,331.095.6258,1967-01-19,2965 Holmes Trail,Foxstad,IA,32604
889,Taylor,Hernandez,225-897-8993,1984-04-28,503 James Ford,East Kenneth,SD,58628
890,Anthony,Cox,320.951.7094,1994-10-15,54588 Gilbert Spurs Apt. 262,Thomasfurt,KY,10116
891,Rebecca,Garcia,647.486.2869x87,1984-07-18,3143 Maria Shores,Vanessaland,IA,06672
892,Daniel,Washington,+1-280-623-8942,1996-10-09,0499 Jacqueline Parks,Janeburgh,IL,98292
893,Amy,Cole,(218)823-7625x3,1993-11-23,599 Brian Ridges Suite 985,Lake John,RI,93676
894,Stacy,Baker,566.196.6594,1989-03-02,88823 Kelly Valley Suite 973,Wendyfurt,IL,31058
895,Shirley,Johnson,200.072.6209x86,1999-11-12,71436 Michael Haven,New Joseph,CT,15332
896,Christopher,Briggs,(069)446-1039,1983-09-09,761 Brown Lights Suite 757,New Danielville,CO,72886
897,Renee,Rodriguez,001-552-407-583,1978-12-23,7270 Amber Club,Thomasport,CO,52831
898,Deanna,Garza,(781)490-6323,1961-07-22,36020 Kim Loop Suite 369,South Danashire,UT,67169
899,Carla,Wilkins,538.826.9283x27,1948-11-14,044 Larsen Pass Suite 927,Hernandezchester,GA,86579
900,Stacy,Davis,852.037.2310,1981-10-16,7522 Kathy Mission Apt. 608,North Nicolemouth,KY,71264
901,John,Stephenson,257.470.0218x88,1974-08-15,2302 Martinez Points Apt. 379,East Mark,OR,47097
902,Lauren,Benton,+1-043-470-2244,1961-03-04,68036 Marshall Bridge,South Julieside,AR,73421
903,Jacqueline,Anderson,836.238.2850x02,1957-04-30,05554 Simpson Creek,Ramseyfurt,NJ,89994
904,Donald,James,133.161.0977,1974-07-18,6027 Robertson Creek,Bethfort,WI,84647
905,William,Davenport,(041)605-0842,1990-10-18,17076 Russell Squares,Johnshire,WA,74768
906,Caitlin,Baker,995.698.8257x52,2000-06-02,2330 Nancy Divide,Suzanneton,NV,70616
907,Juan,Lee,865.968.8364,1987-02-20,78673 Jennifer Garden,Amberville,SD,37456
908,Daniel,Mills,330.726.2822,2006-03-14,07571 Middleton Common,South Donnaton,MA,92422
909,Tiffany,Brown,657.195.9290x07,2002-09-09,9714 Elizabeth Viaduct Suite 233,Harrisshire,MO,08009
910,Rhonda,Mcdonald,001-732-200-038,1967-06-23,2473 Wayne Trace,Jamiemouth,NV,35969
911,Janet,Mayo,133-213-0812x13,2002-03-20,22058 Graham Streets,Port Jeremy,MI,56762
912,Breanna,Gaines,459.482.5181,2001-02-01,844 Angela Avenue,Maryside,TX,90563
913,Joy,Howard,441.079.6826,1986-12-03,99918 Marcus Crescent Apt. 712,Bradyview,SC,50205
914,Michael,Cummings,+1-567-332-0951,1995-09-20,68212 Bethany Turnpike,West Laura,AZ,15328
915,Kenneth,Martinez,+1-432-840-9590,1997-07-23,270 Melissa Prairie,North Benjamin,NY,25694
916,Janet,Saunders,001-370-924-781,1945-01-28,90682 Cynthia Path,West Sara,AK,10772
917,Tara,Herrera,842.380.8245x72,1992-08-29,762 Cody Trail,Simpsonton,IA,78444
918,Vanessa,Holmes,001-082-734-229,1955-09-21,5898 Murray Rue Suite 468,East Matthew,MN,79454
919,Gabriel,Humphrey,460-499-4215x12,1947-05-13,967 Daniel Garden,West Joshua,GA,00534
920,Pamela,Anderson,001-096-122-221,1967-06-14,0339 Foster Villages Apt. 603,Clintonport,CA,08804
921,Thomas,Jackson,011-142-2861x24,1977-10-29,710 David Lake,West Sylviafurt,ME,46062
922,Jodi,Velazquez,+1-066-149-3607,1959-10-21,254 Scott Street Suite 739,North Stevenstad,NV,01955
923,Kirsten,Sanchez,+1-194-179-7855,2005-08-16,435 Keller Inlet,Lake Benjaminbury,NH,54578
924,Jessica,Webb,663-105-4921,1980-04-11,92527 Danielle Fall,North Davidfurt,OK,12776
925,Jessica,Barnett,562-426-9749x66,2001-11-21,8768 Mcintyre Port,Gonzalesbury,MN,89108
926,Patricia,Lloyd,(031)147-8834x4,1968-03-25,0021 Christopher Place,South Claytonhaven,NJ,73267
927,John,Jackson,285-171-9526x33,1946-09-15,1564 Higgins Stravenue Suite 349,Randybury,WV,31399
928,Courtney,Collins,(876)161-5019,1970-07-22,58816 Jeffrey Oval,West Nicholas,WA,52437
929,Samuel,Kane,151-523-5070x89,1984-08-22,0142 Carol Branch,Josephmouth,IL,60828
930,Jessica,Foley,4739129503,1965-09-25,79354 Vaughan Rapid,Richardberg,WV,72303
931,David,Hill,388-217-0750x51,1955-01-01,38683 Patrick Falls Apt. 014,North Brandonmouth,MO,30574
932,Pedro,Hamilton,+1-363-550-0471,1955-05-11,244 Harris Canyon,Mendozafort,FL,71338
933,Kimberly,Kelley,945-160-3772x28,1972-03-21,1856 Jennifer Rapids Apt. 082,North Alexis,ME,91972
934,David,Horn,196.045.1918,1979-06-11,3088 Lyons Fords Apt. 485,Hopkinschester,IN,58436
935,Stuart,Townsend,(048)920-0706x2,1965-03-24,2982 Maxwell Throughway,Osbornemouth,KY,97577
936,Elaine,Clarke,242-198-7331x85,1961-01-15,6647 Zachary Mountains Suite 122,Deborahtown,CT,34109
937,Thomas,Vance,8846364559,1973-12-17,649 Victoria Summit Suite 766,Christopherport,NE,43928
938,Holly,Roberts,862.835.1976x20,1951-01-22,24332 Nicole Burg,Kristinhaven,VA,68878
939,Jeffrey,Porter,(726)190-7221x3,2006-01-19,44813 Joseph Trafficway Apt. 427,North Kevin,NC,81767
940,Maria,Carpenter,590-606-4045x49,1965-09-30,275 Scott Row,Bakerton,KS,96859
941,Anthony,Page,(119)447-0029x8,1997-04-22,77912 Luis Ramp,South Jesusville,TX,40756
942,Susan,Knight,+1-522-982-1623,1967-04-10,798 Jason Valley,Anthonyhaven,IN,65305
943,Joshua,Williams,624-956-8756x62,1959-06-04,016 Paul Fort Suite 654,Travistown,RI,16694
944,David,Henry,5722722638,1994-02-03,71985 Candice Throughway Apt. 156,South Jeffreybury,WI,77719
945,Jacqueline,Hanson,+1-762-670-1021,1972-04-09,97218 Stewart Key,Tonyashire,NE,28623
946,Jamie,Grant,(504)022-8595,1979-11-18,552 Jeffrey Manor,Lake Patrick,NH,88251
947,Lisa,Smith,366.533.6725,1997-01-22,1719 Erica Lake,East Gary,LA,47342
948,John,Dean,001-581-877-277,1961-07-19,74228 Johnson Divide,Davidsonton,VA,33478
949,Michael,Alvarado,116.057.2554x28,1958-06-29,5912 Price Crescent,New Brady,WI,05713
950,Sara,Chase,344.112.0314x22,1963-11-16,309 Rodney Junction Suite 128,Rodrigueztown,KY,80533
951,Denise,Williams,322.450.3826x58,1982-10-19,09597 Diana Forest,New Jeremy,WY,21776
952,Walter,Turner,(094)993-1431x4,1995-01-23,676 Rogers Forge Suite 176,Jenniferstad,AK,16379
953,Elizabeth,Davis,257-551-2631,1964-07-11,3451 Butler Walk Apt. 946,Leonardburgh,TN,59361
954,John,Davis,001-993-837-452,1996-08-07,33724 Miranda Terrace,Alisonview,PA,90664
955,Fernando,Wong,357-167-0199x20,1966-05-02,322 Martinez Cove,Lake Susan,KY,72364
956,Joshua,Garcia,016.470.0263x14,1993-10-23,101 Brian Port,Weaverland,NV,73886
957,Stephen,Miller,3324302354,1996-03-04,477 Cooper Fall Apt. 668,Gordonmouth,OR,88567
958,Sherri,Hicks,697-206-9364,1970-04-06,94716 Nguyen Falls,East Tricia,PA,84597
959,Bradley,Valdez,001-232-051-763,2006-07-10,8015 Guerra Forges,West Shawnmouth,DC,93559
960,Tyler,Hawkins,001-805-675-574,1953-10-06,77461 Hernandez Common,Kruegerton,SC,20087
961,Sydney,Barnes,491.422.9029x25,1995-09-15,6384 Miller Manors,Andrewville,WI,67899
962,Jonathan,Perez,227-669-0998x94,1996-04-01,382 Tara Junction Apt. 406,Leonton,GA,90963
963,Deanna,Salinas,125-921-0643,1965-08-03,1336 Paula Forest,West Terriborough,NE,58328
964,Erin,Smith,717-866-5006,1945-02-24,41693 Amanda Vista Suite 094,Kellybury,LA,42344
965,Donna,Washington,7844187148,1944-09-06,498 Hudson Falls Apt. 129,Millermouth,ID,47567
966,Patrick,Preston,715.959.6809x16,1985-08-13,42167 Freeman Meadow Apt. 286,Andersonview,IA,98925
967,Rebecca,Brown,+1-679-709-5598,1945-03-17,86581 Henry Drive Apt. 785,Brentborough,WA,28438
968,Richard,Hinton,917.046.8669x68,1980-06-19,38759 Alex Park Apt. 248,South Amandaton,AK,79190
969,Justin,Wilson,759.273.1180,1996-08-10,316 Emily Flat Suite 026,Phillipsside,CO,52288
970,Richard,Rivera,+1-171-761-7151,2004-04-01,0249 Tucker Station,New Katie,NY,81264
971,Ashley,Townsend,(949)243-9816x6,1970-05-22,25372 Brown Wells Suite 237,North Mariaside,MA,13329
972,Andrew,Knox,756-816-2837,1945-07-27,0042 Ross Estates,Johnnyport,ME,69401
973,Jason,Nichols,001-249-099-750,1997-06-10,9291 Dunn Way Apt. 584,Johnstonside,WA,59778
974,Monica,Barnes,284.734.9335,2004-06-25,7773 Catherine Ramp,Liuburgh,IL,92782
975,Jennifer,Davis,+1-551-135-5051,1967-08-02,618 Williams Dale,Robinsonland,WY,45441
976,James,Bowers,(806)610-8511,1982-02-25,95716 Leslie Prairie Suite 211,Carpenterburgh,TX,77852
977,Donna,Silva,339-294-1865,1948-02-11,7929 Bell Manors Apt. 917,Port Richard,NJ,31842
978,Katherine,Lopez,205.020.0852x41,1980-07-30,22756 Rojas Hills Suite 549,Lake Jessicaville,CO,36558
979,Mary,Snyder,+1-204-067-5906,1989-12-11,3842 Perry Tunnel Apt. 782,North Karifurt,NJ,19452
980,Sandra,Valdez,1881594215,1982-07-20,622 Anderson Roads Apt. 164,South Andrewborough,TN,74201
981,Jennifer,Vasquez,001-024-875-654,1985-12-15,059 Gallegos Courts Apt. 809,Robinchester,GA,22336
982,Jonathon,Brown,001-727-580-320,1951-10-14,47961 Christina Shores Suite 777,South Charles,MD,72160
983,Bobby,Lopez,001-690-591-169,1969-05-24,545 Martin Pike,West Josephmouth,WA,74443
984,Lisa,Smith,(500)080-1385,2000-05-12,364 Jeff Ford Apt. 303,Lisahaven,CO,64578
985,Ronald,Walton,400.663.9542x16,1981-03-24,80853 Davis Trace Suite 195,Blackfort,LA,21986
986,Connie,Johnson,773.752.9026x37,2002-04-02,5395 Jones Land Apt. 982,Port Katherine,NY,51199
987,Suzanne,Henderson,6566217047,1968-08-03,847 Joshua Walk Suite 450,South Angelaton,KS,76602
988,Johnny,Moran,581.737.3743x54,1984-03-14,845 Hayden Stream,Alanmouth,NY,11719
989,Margaret,Smith,290-116-8441,1961-01-20,3860 Oconnor Forest,Harrisfort,MI,74349
990,Amanda,Hayes,776-057-1298x06,1966-11-13,4269 Pamela Island Apt. 523,West Leslieberg,OH,85453
991,Jennifer,Snow,001-346-906-289,1946-01-04,4635 Mckinney Cape Apt. 423,Mcdonaldshire,AL,73483
992,Amber,Hernandez,(477)550-5871x2,1959-09-05,7090 Chloe Court Suite 699,Jessicatown,AL,14895
993,Richard,Morgan,524-715-6264,1986-11-08,9395 Jacqueline Via Suite 732,Lorifort,RI,07616
994,Nancy,Jones,937.401.5711,1951-05-21,22780 Fuentes Ridge Suite 095,West Joshua,UT,35942
995,Peter,Austin,(664)376-2522,1992-02-10,7598 Reed Groves Apt. 044,East Kristiport,MA,81125
996,George,Mathis,139-273-1629,1973-06-09,45780 Zoe Shoal,Sallyport,WI,85911
997,Carlos,Guerrero,+1-985-170-9588,1984-08-03,17536 Stein Islands,West Samanthabury,ME,57445
998,John,Carter,510-318-6375,2003-04-13,7761 Amy Overpass,Kaylafurt,CO,35150
999,Amber,Duncan,924-186-1157x24,1987-10-08,920 Smith Glen Suite 357,Lake Cynthiaberg,CO,56522
1000,Scott,Dennis,044-839-3788,1964-08-17,35958 Michael Ridge,New Scottbury,AL,66255
