ItemID,ItemName,Price,ItemTypeID
1,Should Pasta Alfredo,32.7,3
2,Nice Caesar Salad,38.79,6
3,Just Lamb Chops,30.96,7
4,Generation BBQ Ribs,24.95,10
5,Ever Chicken Tikka Masala,38.03,8
6,Technology Sushi Roll,31.23,6
7,Wind BBQ Ribs,27.56,2
8,Late Beef Steak,20.58,5
9,Light French Toast,25.88,10
10,Deep Caesar Salad,11.07,7
11,Plant Caesar Salad,25.25,9
12,Girl French Toast,46.9,7
13,Line Falafel Wrap,13.23,3
14,Interesting Ramen Noodles,13.92,7
15,Budget Pumpkin Soup,18.42,9
16,Both Chicken Tikka Masala,38.28,7
17,Business Sushi Roll,32.33,9
18,Around Pumpkin Soup,30.18,6
19,Perform Beef Steak,36.44,4
20,Add Chili Con Carne,37.66,1
21,Control Grilled Chicken,8.75,5
22,By Chili Con Carne,9.78,4
23,Fight Sushi Roll,47.67,10
24,Game Tuna Tartare,45.31,4
25,Since Tomato Soup,17.17,10
26,Perform Crispy Duck,45.47,4
27,Project Club Sandwich,44.26,1
28,Most Club Sandwich,24.85,6
29,Try Crispy Duck,29.56,2
30,Hot Miso Soup,43.11,9
31,A Gnocchi Pesto,48.25,1
32,Store Sushi Roll,10.66,5
33,Hope Stuffed Peppers,30.49,4
34,Too Lamb Chops,33.58,8
35,Often Vegan Burrito,27.16,6
36,End Spaghetti Bolognese,39.76,9
37,Agree Chili Con Carne,9.55,6
38,Evidence Beef Steak,49.67,6
39,Father Cobb Salad,12.14,2
40,Season Caesar Salad,5.33,6
41,Arm Crispy Duck,7.5,9
42,Cell Crispy Duck,28.24,10
43,Religious Pancake Stack,35.68,7
44,Scene Fish Tacos,42.99,3
45,Nature Sushi Roll,8.33,8
46,Apply Club Sandwich,23.18,8
47,Quite Shrimp Tempura,43.59,1
48,Avoid BBQ Ribs,49.33,2
49,Up Chicken Tikka Masala,28.64,6
50,Nearly Chili Con Carne,24.69,7
51,Product BBQ Ribs,38.19,5
52,Month Ramen Noodles,19.53,1
53,Late Pasta Alfredo,44.83,5
54,Around Spaghetti Bolognese,10.1,7
55,Yourself Stuffed Peppers,38.53,4
56,Job Pasta Alfredo,30.31,5
57,Deep Pancake Stack,44.42,2
58,Source Vegan Burrito,47.14,6
59,Open Falafel Wrap,40.17,9
60,Heavy Grilled Chicken,27.95,5
61,Could Sushi Roll,32.9,4
62,Year Cobb Salad,36.5,2
63,Picture Pad Thai,15.85,8
64,Act Pancake Stack,17.93,4
65,Family Club Sandwich,30.67,4
66,Reason Stuffed Peppers,19.71,1
67,Herself BBQ Ribs,35.33,3
68,Field Caesar Salad,48.46,2
69,Good Falafel Wrap,25.28,1
70,Meet Spaghetti Bolognese,6.72,2
71,Politics Beef Steak,43.5,4
72,Military Vegan Burrito,23.73,4
73,Sell Pancake Stack,29.27,4
74,But Chili Con Carne,20.43,7
75,Behavior Chicken Tikka Masala,7.83,4
76,Specific Pumpkin Soup,9.14,2
77,Practice Veggie Pizza,5.26,10
78,None Chili Con Carne,46.39,10
79,Member Beef Steak,32.39,6
80,No Gnocchi Pesto,46.5,3
81,Put Chili Con Carne,34.9,8
82,Build Pumpkin Soup,18.38,6
83,Outside Beef Steak,39.62,9
84,Newspaper Chicken Tikka Masala,27.33,9
85,Head Miso Soup,42.06,7
86,Face Chicken Tikka Masala,7.38,6
87,Message Cheeseburger,24.56,9
88,Senior Gnocchi Pesto,46.38,7
89,Low Chili Con Carne,12.64,5
90,Various Pumpkin Soup,6.84,10
91,Simply Pumpkin Soup,38.52,4
92,Admit Gnocchi Pesto,21.08,9
93,Similar Pumpkin Soup,36.26,4
94,Fly Tuna Tartare,12.77,6
95,Add Chicken Tikka Masala,29.25,3
96,Outside Pumpkin Soup,35.47,1
97,Peace Tomato Soup,27.72,8
98,Represent Ramen Noodles,29.76,8
99,Its French Toast,38.87,7
100,Value Crispy Duck,12.86,1
101,Wait French Toast,5.51,1
102,Participant Pasta Alfredo,26.78,3
103,Actually Caesar Salad,5.6,4
104,Executive Shrimp Tempura,31.74,6
105,Community BBQ Ribs,36.62,1
106,Which Shrimp Tempura,34.51,10
107,Produce Pancake Stack,47.47,5
108,Chance Spaghetti Bolognese,44.87,10
109,Once Beef Steak,41.98,3
110,Sometimes Pad Thai,38.07,4
111,Discuss Cobb Salad,6.71,2
112,Bag Baked Salmon,12.97,4
113,Control Tuna Tartare,41.6,9
114,Culture Shrimp Tempura,27.27,10
115,Compare Cheeseburger,34.4,7
116,Statement Chicken Tikka Masala,48.74,8
117,Throughout Stuffed Peppers,48.86,2
118,Moment Ramen Noodles,7.76,3
119,Card Pancake Stack,7.48,6
120,And Fish Tacos,31.92,6
121,Pick Spaghetti Bolognese,48.22,1
122,Pass Beef Steak,21.72,2
123,Save BBQ Ribs,34.01,4
124,Offer Fish Tacos,43.29,7
125,Piece Pad Thai,36.92,1
126,Base Cobb Salad,19.82,8
127,Way Caesar Salad,28.58,6
128,Itself Pancake Stack,39.9,8
129,Operation Gnocchi Pesto,43.49,9
130,Media Tuna Tartare,7.72,7
131,Buy Chicken Tikka Masala,33.76,10
132,Lawyer BBQ Ribs,36.22,7
133,One Pumpkin Soup,31.18,3
134,Wall Miso Soup,48.36,4
135,Scientist BBQ Ribs,20.45,7
136,Candidate Cheeseburger,31.07,5
137,State Falafel Wrap,20.47,5
138,Teacher Gnocchi Pesto,15.22,5
139,Seem Chili Con Carne,48.44,8
140,He Pancake Stack,40.67,9
141,Present Caesar Salad,28.0,6
142,Reality Fish Tacos,42.35,8
143,Attention Grilled Chicken,39.49,1
144,Program Baked Salmon,11.84,1
145,Newspaper Shrimp Tempura,14.64,4
146,My French Toast,38.7,7
147,Everybody Shrimp Tempura,42.78,8
148,Usually Veggie Pizza,47.78,3
149,Person Grilled Chicken,38.73,8
150,Financial Baked Salmon,14.7,6
151,Until Club Sandwich,6.78,8
152,Field Pasta Alfredo,19.19,8
153,Possible Ramen Noodles,33.85,4
154,Ground Falafel Wrap,49.79,5
155,Customer Cobb Salad,20.51,8
156,Mouth Pumpkin Soup,13.62,5
157,Trip Pad Thai,7.43,6
158,Light Baked Salmon,9.92,4
159,Media Club Sandwich,7.41,1
160,Despite Club Sandwich,13.5,10
161,Family Lamb Chops,49.68,3
162,Item Falafel Wrap,17.51,5
163,Hear Pancake Stack,48.15,7
164,Success Stuffed Peppers,15.95,2
165,Give French Toast,10.1,2
166,Visit Ramen Noodles,15.64,8
167,Resource Lamb Chops,42.14,8
168,Spring Chicken Tikka Masala,43.09,2
169,Minute Pancake Stack,13.41,6
170,Short Pad Thai,29.78,4
171,Reality Club Sandwich,31.81,3
172,Television Caesar Salad,16.89,4
173,Reveal Cobb Salad,41.25,2
174,Truth Pancake Stack,8.69,8
175,Public BBQ Ribs,9.1,10
176,Training Pad Thai,18.23,2
177,Expect Falafel Wrap,45.24,8
178,Education Tuna Tartare,5.02,7
179,Hit Shrimp Tempura,11.29,6
180,Picture Sushi Roll,15.36,8
181,Matter Spaghetti Bolognese,35.84,2
182,Truth Pasta Alfredo,26.77,6
183,Agree Pad Thai,24.52,6
184,Special Ramen Noodles,34.86,8
185,Thought Falafel Wrap,36.5,3
186,Reflect Pad Thai,43.51,7
187,Mission Veggie Pizza,47.19,7
188,I Lamb Chops,43.19,8
189,Son Pad Thai,33.74,4
190,Represent Baked Salmon,23.57,7
191,Big Gnocchi Pesto,12.36,5
192,Entire Sushi Roll,19.97,5
193,Less French Toast,20.8,5
194,Senior Club Sandwich,42.16,1
195,Yeah Lamb Chops,38.29,10
196,Surface Cobb Salad,25.16,8
197,Good Tuna Tartare,11.25,5
198,Lawyer Chicken Tikka Masala,44.21,3
199,Partner Shrimp Tempura,35.72,1
200,Phone Cobb Salad,49.87,10
201,Heavy Miso Soup,42.37,1
202,Also Cheeseburger,27.22,9
203,Thought Ramen Noodles,13.58,6
204,South Cobb Salad,39.01,3
205,Vote Gnocchi Pesto,7.19,5
206,On Pasta Alfredo,15.41,1
207,Budget Gnocchi Pesto,43.27,9
208,College Grilled Chicken,12.46,1
209,Fast Veggie Pizza,10.53,5
210,Nature Cobb Salad,24.62,3
211,Method Fish Tacos,28.17,1
212,Understand Pasta Alfredo,6.21,2
213,Cup Ramen Noodles,9.36,6
214,Away Grilled Chicken,21.81,1
215,Activity Veggie Pizza,38.76,1
216,Color Pad Thai,20.69,8
217,Themselves Spaghetti Bolognese,32.5,9
218,Chance Beef Steak,43.69,10
219,Letter Grilled Chicken,42.68,3
220,Live French Toast,44.31,3
221,Responsibility Crispy Duck,11.77,5
222,Five Vegan Burrito,26.04,10
223,Onto Fish Tacos,11.87,5
224,Rather Spaghetti Bolognese,15.18,2
225,Open Caesar Salad,36.0,1
226,Of Ramen Noodles,34.17,10
227,Attention Pad Thai,29.36,5
228,Admit Cobb Salad,36.18,3
229,Prevent French Toast,42.38,5
230,Anything Baked Salmon,7.62,2
231,Political Lamb Chops,44.21,4
232,Imagine Chili Con Carne,42.64,7
233,Animal Sushi Roll,11.0,6
234,Central Pad Thai,24.67,1
235,Wife Sushi Roll,47.6,3
236,Ahead Falafel Wrap,6.02,3
237,Best Chicken Tikka Masala,17.73,2
238,Never Lamb Chops,26.3,5
239,Quite Stuffed Peppers,49.69,7
240,Medical Chicken Tikka Masala,47.62,1
241,Save Chili Con Carne,37.18,2
242,Lot Tuna Tartare,23.47,8
243,Enjoy Shrimp Tempura,37.6,2
244,Conference Gnocchi Pesto,30.16,7
245,Focus Pasta Alfredo,8.37,10
246,Claim Baked Salmon,38.81,5
247,Firm Grilled Chicken,28.82,7
248,Professional Cheeseburger,15.55,2
249,Room Baked Salmon,48.52,3
250,Push Tomato Soup,43.9,5
251,Us Beef Steak,29.16,8
252,Movement Lamb Chops,40.08,9
253,Visit Pumpkin Soup,31.47,6
254,South Pad Thai,19.16,5
255,Record Fish Tacos,7.92,2
256,Week Gnocchi Pesto,31.79,5
257,Grow Caesar Salad,20.4,1
258,Production Pasta Alfredo,46.3,3
259,Remain Veggie Pizza,41.2,1
260,Theory Crispy Duck,23.28,4
261,Fund Caesar Salad,41.47,6
262,Stay Beef Steak,29.33,9
263,Board Baked Salmon,37.63,2
264,Child Fish Tacos,6.66,5
265,Support Fish Tacos,41.68,1
266,Return Pad Thai,16.47,1
267,Education Pasta Alfredo,25.42,4
268,Arrive Vegan Burrito,37.6,1
269,Everyone Grilled Chicken,26.67,9
270,Also Spaghetti Bolognese,7.22,6
271,Wonder Vegan Burrito,49.93,4
272,Population Sushi Roll,23.38,10
273,Fall Falafel Wrap,12.4,2
274,One Spaghetti Bolognese,7.02,4
275,Attorney Falafel Wrap,9.93,9
276,Open Stuffed Peppers,43.4,5
277,American Pumpkin Soup,47.46,10
278,Table Vegan Burrito,46.39,7
279,Interview Gnocchi Pesto,15.02,6
280,Serve Pasta Alfredo,6.82,2
281,Food Pumpkin Soup,19.37,4
282,Skill BBQ Ribs,47.18,1
283,Learn Pumpkin Soup,16.78,2
284,Produce Ramen Noodles,37.48,3
285,Record Stuffed Peppers,13.64,3
286,Art Fish Tacos,26.32,2
287,Fish Club Sandwich,23.65,5
288,Service Spaghetti Bolognese,24.81,1
289,Six Pumpkin Soup,19.48,3
290,Action Baked Salmon,27.83,3
291,Executive Tuna Tartare,41.23,2
292,Television Tomato Soup,44.0,6
293,Wide Shrimp Tempura,19.33,10
294,Phone Miso Soup,40.4,10
295,Tell Fish Tacos,24.21,10
296,Decision BBQ Ribs,17.78,8
297,Election Shrimp Tempura,15.61,6
298,Particular Club Sandwich,8.59,7
299,Degree Pad Thai,25.09,8
300,Approach Gnocchi Pesto,21.94,7
301,Worker Pancake Stack,26.14,1
302,Stop Shrimp Tempura,8.15,4
303,Support BBQ Ribs,30.32,2
304,Arrive Tomato Soup,23.68,1
305,Hot Chicken Tikka Masala,47.82,5
306,Read Veggie Pizza,46.3,1
307,Develop Falafel Wrap,47.03,9
308,Structure Fish Tacos,10.8,9
309,Seem Club Sandwich,42.37,4
310,Stuff Ramen Noodles,11.33,5
311,Television Sushi Roll,35.81,8
312,Bit Pancake Stack,33.79,2
313,Today Tuna Tartare,27.43,5
314,All Sushi Roll,36.12,7
315,Wear Beef Steak,30.85,1
316,End Cheeseburger,25.73,8
317,High Cobb Salad,47.55,4
318,Able Grilled Chicken,39.2,10
319,Nice Club Sandwich,45.96,5
320,Letter Tuna Tartare,23.1,4
321,Reflect Gnocchi Pesto,17.71,1
322,Garden Tuna Tartare,18.2,7
323,Upon Stuffed Peppers,39.92,1
324,Meet Chili Con Carne,13.22,8
325,Movement Ramen Noodles,36.88,10
326,Gas Spaghetti Bolognese,11.95,8
327,When Falafel Wrap,34.81,3
328,Baby Pancake Stack,33.06,9
329,System Club Sandwich,35.78,8
330,Require Pancake Stack,23.34,2
331,Could Caesar Salad,16.3,7
332,Say Falafel Wrap,15.16,1
333,Determine Fish Tacos,49.64,1
334,Shake Ramen Noodles,29.92,9
335,Design Vegan Burrito,6.11,8
336,Life Caesar Salad,5.04,6
337,Partner Ramen Noodles,21.58,2
338,Career Pad Thai,11.79,6
339,Or Caesar Salad,5.17,7
340,Sort Veggie Pizza,22.09,3
341,Opportunity Fish Tacos,23.47,5
342,Hair Fish Tacos,47.58,6
343,Teacher Cheeseburger,28.09,9
344,Receive Falafel Wrap,22.04,4
345,Thank Veggie Pizza,6.1,5
346,Rich Falafel Wrap,47.95,4
347,Rock Cheeseburger,18.04,5
348,Movement Baked Salmon,11.99,1
349,Cut Lamb Chops,9.54,9
350,Small Vegan Burrito,28.83,1
351,Conference Pad Thai,42.94,10
352,Region Pancake Stack,11.17,9
353,Talk Cheeseburger,23.1,7
354,Land Miso Soup,9.48,2
355,Green Shrimp Tempura,31.98,3
356,Image Tuna Tartare,32.86,1
357,Control Lamb Chops,11.99,5
358,About Shrimp Tempura,39.87,3
359,Decade Pumpkin Soup,49.57,5
360,Man Pad Thai,21.43,7
361,Perform Grilled Chicken,46.24,1
362,Total Grilled Chicken,29.11,8
363,Main Pancake Stack,33.15,9
364,Cut Baked Salmon,7.45,7
365,Stop Beef Steak,41.52,7
366,Have Veggie Pizza,45.22,1
367,Reach Stuffed Peppers,16.12,5
368,They Tomato Soup,40.53,4
369,Song Tuna Tartare,27.16,1
370,Democrat Pad Thai,45.43,6
371,Provide Stuffed Peppers,13.49,4
372,Authority BBQ Ribs,5.84,2
373,Whom Tomato Soup,46.05,2
374,Probably Miso Soup,30.0,4
375,The Lamb Chops,44.41,10
376,Option Tuna Tartare,44.06,10
377,Seven Pasta Alfredo,20.09,7
378,Their Gnocchi Pesto,21.95,5
379,Personal Baked Salmon,44.48,1
380,Go Chicken Tikka Masala,40.53,5
381,Save Cheeseburger,16.53,7
382,Most Tomato Soup,15.32,10
383,Fight Fish Tacos,26.72,5
384,Growth Sushi Roll,36.45,2
385,Ability Falafel Wrap,6.07,1
386,Minute BBQ Ribs,12.2,6
387,Personal Fish Tacos,7.98,5
388,Support Cheeseburger,8.53,2
389,Risk Baked Salmon,9.28,7
390,Important Chili Con Carne,25.39,7
391,Education Veggie Pizza,18.95,1
392,Visit Lamb Chops,35.03,10
393,Month Baked Salmon,14.64,9
394,Decade Tuna Tartare,11.36,6
395,Away Cobb Salad,26.37,10
396,Bad Miso Soup,22.43,9
397,Take BBQ Ribs,43.48,9
398,Term Fish Tacos,27.71,10
399,East Pasta Alfredo,18.18,1
400,Fear French Toast,30.26,3
401,Arrive Falafel Wrap,37.97,6
402,Director Vegan Burrito,14.42,3
403,Dream Spaghetti Bolognese,44.92,5
404,Degree Pasta Alfredo,25.79,10
405,Game BBQ Ribs,25.0,7
406,General Chili Con Carne,17.47,6
407,Way Lamb Chops,13.74,5
408,Board Falafel Wrap,16.56,1
409,Respond Stuffed Peppers,35.08,5
410,Particularly Stuffed Peppers,20.81,8
411,Fish Sushi Roll,36.39,2
412,Back Fish Tacos,15.99,8
413,Admit Tuna Tartare,27.94,1
414,Hard Chicken Tikka Masala,34.92,6
415,Discussion Lamb Chops,20.42,9
416,Account Chicken Tikka Masala,8.38,9
417,Relationship Stuffed Peppers,32.74,1
418,Fall Chili Con Carne,5.65,9
419,Here Pad Thai,7.11,1
420,Group Vegan Burrito,25.46,5
421,Agency Falafel Wrap,22.97,3
422,Off Beef Steak,25.31,9
423,Both Club Sandwich,11.01,4
424,Wait Tuna Tartare,40.67,1
425,Region Crispy Duck,14.67,5
426,Other Pad Thai,7.88,7
427,Beautiful Pasta Alfredo,21.49,1
428,Easy Ramen Noodles,18.36,2
429,Like Baked Salmon,30.25,7
430,Scientist Vegan Burrito,10.98,4
431,Ask Veggie Pizza,26.61,7
432,Interview Pumpkin Soup,29.87,10
433,Chair Tuna Tartare,44.85,4
434,From Shrimp Tempura,21.22,1
435,Individual Pancake Stack,26.23,6
436,Table French Toast,36.57,8
437,Would Crispy Duck,14.33,9
438,Fast Spaghetti Bolognese,43.75,7
439,Adult BBQ Ribs,17.69,8
440,Tonight Pancake Stack,30.25,9
441,Home Lamb Chops,31.76,2
442,Use Shrimp Tempura,20.82,7
443,Seek Tuna Tartare,23.55,2
444,Prove Ramen Noodles,32.25,9
445,Soldier Caesar Salad,40.11,4
446,Price Shrimp Tempura,27.45,8
447,Today Tomato Soup,38.91,6
448,Responsibility Grilled Chicken,47.82,8
449,Recognize Pumpkin Soup,47.54,8
450,Finally Fish Tacos,44.42,4
451,Watch French Toast,10.26,10
452,Thing Veggie Pizza,14.06,9
453,Without Pancake Stack,15.84,2
454,Type Pancake Stack,14.76,7
455,Over Cheeseburger,19.05,9
456,Hold Club Sandwich,39.34,4
457,Certainly Spaghetti Bolognese,18.44,7
458,Down Crispy Duck,24.52,4
459,I Chicken Tikka Masala,47.69,3
460,Keep Tuna Tartare,35.54,10
461,Oil Caesar Salad,8.79,5
462,Listen Pad Thai,27.24,7
463,Soon Tomato Soup,48.66,3
464,Decade Pasta Alfredo,10.35,8
465,Next Lamb Chops,44.91,4
466,Heart Veggie Pizza,43.95,1
467,Listen Gnocchi Pesto,25.12,1
468,Attack Grilled Chicken,35.62,7
469,White Tuna Tartare,41.91,7
470,Board BBQ Ribs,11.51,2
471,Professional Gnocchi Pesto,9.42,1
472,Light Pumpkin Soup,43.57,2
473,Teacher Shrimp Tempura,12.14,3
474,Short Chili Con Carne,21.97,10
475,Small Tuna Tartare,12.47,7
476,Former Cheeseburger,49.48,7
477,Sign Tomato Soup,17.72,8
478,They Falafel Wrap,15.91,6
479,Store Vegan Burrito,47.88,6
480,Address French Toast,8.44,2
481,Explain Tuna Tartare,44.09,2
482,Send Chicken Tikka Masala,43.89,2
483,Former BBQ Ribs,25.18,5
484,Yourself Falafel Wrap,39.2,1
485,Least Pad Thai,13.77,2
486,Long Fish Tacos,36.45,1
487,Fly Vegan Burrito,48.9,5
488,Loss Veggie Pizza,34.82,8
489,Book Beef Steak,18.96,9
490,One Pasta Alfredo,33.09,5
491,Sell Spaghetti Bolognese,8.51,3
492,Throw Pasta Alfredo,44.63,10
493,Player Beef Steak,35.98,2
494,Along Miso Soup,12.26,3
495,Off Pumpkin Soup,20.36,1
496,Resource Sushi Roll,25.28,1
497,On Pancake Stack,16.25,4
498,Happy Vegan Burrito,35.04,3
499,Charge Cobb Salad,41.47,10
500,Why Spaghetti Bolognese,27.67,7
501,Republican Tomato Soup,10.46,5
502,Step Chili Con Carne,17.81,7
503,Fast Chicken Tikka Masala,30.79,3
504,Try Veggie Pizza,40.88,5
505,Serve Spaghetti Bolognese,19.16,6
506,Everyone Baked Salmon,20.96,1
507,Fine Pumpkin Soup,24.75,8
508,Enter Tuna Tartare,28.12,5
509,Far Stuffed Peppers,15.14,2
510,Spend Pumpkin Soup,17.47,3
511,Several Tomato Soup,40.58,5
512,Continue BBQ Ribs,46.9,1
513,Road Beef Steak,30.26,1
514,High Beef Steak,18.94,8
515,Him Spaghetti Bolognese,9.74,3
516,Drop French Toast,42.3,10
517,Not Spaghetti Bolognese,48.88,6
518,Condition Falafel Wrap,12.22,8
519,Must BBQ Ribs,35.78,6
520,Maintain Tuna Tartare,16.66,2
521,Score Ramen Noodles,48.69,6
522,Goal Grilled Chicken,11.51,7
523,Image Cobb Salad,44.33,8
524,Behind Tuna Tartare,47.4,7
525,Bit Baked Salmon,22.46,7
526,Entire French Toast,8.36,9
527,Central Pumpkin Soup,47.61,7
528,Large Spaghetti Bolognese,38.54,3
529,Source Falafel Wrap,31.6,5
530,In Lamb Chops,10.54,3
531,From Club Sandwich,26.01,5
532,Out Chili Con Carne,49.21,4
533,Themselves Crispy Duck,13.29,9
534,Personal Chili Con Carne,40.01,6
535,Himself BBQ Ribs,13.13,8
536,He Vegan Burrito,28.47,4
537,Sure Miso Soup,45.27,5
538,Just Veggie Pizza,44.09,3
539,Condition Baked Salmon,30.63,1
540,Different Tuna Tartare,6.44,8
541,Edge Baked Salmon,45.41,6
542,Today Gnocchi Pesto,45.69,6
543,Stay Veggie Pizza,41.26,10
544,Exist BBQ Ribs,10.31,3
545,Guy Pasta Alfredo,44.04,9
546,Interview Fish Tacos,9.98,5
547,Life Baked Salmon,28.59,10
548,Alone Fish Tacos,40.04,4
549,Rate Sushi Roll,15.05,5
550,Simply Lamb Chops,22.29,8
551,Fact Gnocchi Pesto,25.62,8
552,However Falafel Wrap,6.53,4
553,City Vegan Burrito,18.16,8
554,Deal Miso Soup,35.49,7
555,Possible Stuffed Peppers,7.84,3
556,Book Pad Thai,8.66,1
557,Future Tomato Soup,33.6,9
558,Do Club Sandwich,28.52,7
559,Hand Chicken Tikka Masala,45.83,8
560,Finally Stuffed Peppers,49.06,7
561,Box Lamb Chops,30.43,9
562,Major Chicken Tikka Masala,36.82,3
563,Who Pasta Alfredo,18.93,2
564,Care Chili Con Carne,30.72,6
565,Card Pumpkin Soup,7.21,1
566,Article Falafel Wrap,5.8,10
567,Point Chicken Tikka Masala,6.52,9
568,Allow Pasta Alfredo,20.95,4
569,Speak Ramen Noodles,15.25,8
570,New Pumpkin Soup,12.49,10
571,Knowledge Lamb Chops,46.6,2
572,Professor Falafel Wrap,14.32,10
573,Alone Lamb Chops,44.66,8
574,Join Chili Con Carne,7.04,5
575,Capital Club Sandwich,7.51,1
576,Morning Fish Tacos,23.69,4
577,Season Gnocchi Pesto,38.9,4
578,Night Cheeseburger,38.19,7
579,Maybe Vegan Burrito,40.84,8
580,You Gnocchi Pesto,31.04,2
581,Clear Spaghetti Bolognese,14.33,4
582,Carry BBQ Ribs,16.79,1
583,Where Grilled Chicken,32.63,3
584,Your Baked Salmon,32.24,8
585,Military BBQ Ribs,40.22,8
586,Choice Crispy Duck,33.83,5
587,Health Chicken Tikka Masala,19.7,7
588,Recent Cheeseburger,15.53,9
589,Money Sushi Roll,28.44,7
590,Hope Baked Salmon,48.3,9
591,Break BBQ Ribs,27.35,3
592,Lose Ramen Noodles,43.08,4
593,Three Veggie Pizza,22.66,8
594,Moment Tomato Soup,27.44,6
595,Whom Miso Soup,26.29,4
596,Not Ramen Noodles,15.8,9
597,Message Chili Con Carne,7.49,9
598,Character Pumpkin Soup,22.69,1
599,Road Baked Salmon,8.83,10
600,Man Crispy Duck,41.19,9
601,Tax Spaghetti Bolognese,40.59,2
602,Similar Baked Salmon,13.47,9
603,Free Pasta Alfredo,33.48,5
604,Professor Cheeseburger,6.78,3
605,Southern Pumpkin Soup,39.81,7
606,Type Falafel Wrap,24.64,7
607,Benefit Cheeseburger,25.56,3
608,Have Caesar Salad,10.66,9
609,Teacher Crispy Duck,41.59,1
610,Gun Club Sandwich,5.19,8
611,Whose Veggie Pizza,47.83,9
612,Study Cheeseburger,40.69,7
613,Interesting Beef Steak,47.84,8
614,Often Beef Steak,36.72,2
615,Too Cheeseburger,18.98,6
616,Page BBQ Ribs,17.67,1
617,Sure Ramen Noodles,18.85,8
618,Listen Falafel Wrap,13.0,4
619,Arm Veggie Pizza,19.01,6
620,Prevent Tomato Soup,44.24,3
621,Thank Sushi Roll,20.06,3
622,Heart BBQ Ribs,28.2,4
623,Marriage Pasta Alfredo,7.56,7
624,Game Shrimp Tempura,37.96,3
625,Worry Pumpkin Soup,40.64,7
626,Kid Tuna Tartare,26.77,4
627,Play Baked Salmon,45.21,6
628,Agreement Shrimp Tempura,25.05,7
629,Idea Gnocchi Pesto,28.62,1
630,Management Pumpkin Soup,24.59,1
631,Nature Fish Tacos,32.51,4
632,Move Grilled Chicken,10.02,1
633,Military Ramen Noodles,8.36,4
634,Listen Club Sandwich,25.36,5
635,Century Miso Soup,38.11,10
636,Either Beef Steak,39.98,2
637,Sort Baked Salmon,28.54,7
638,Then Grilled Chicken,33.75,10
639,Walk Fish Tacos,15.73,5
640,Industry Grilled Chicken,29.17,2
641,Religious Spaghetti Bolognese,44.71,6
642,Body Shrimp Tempura,47.84,5
643,Catch Spaghetti Bolognese,8.87,7
644,Staff Caesar Salad,23.67,9
645,Tax Pancake Stack,18.39,9
646,Eye Tomato Soup,21.75,5
647,Age Pumpkin Soup,33.28,10
648,Capital Chicken Tikka Masala,44.4,6
649,Could Baked Salmon,35.75,7
650,Require Chili Con Carne,36.11,5
651,Last Pumpkin Soup,30.32,8
652,Major French Toast,18.73,1
653,Phone Beef Steak,36.87,8
654,Plant Grilled Chicken,47.18,10
655,About Chili Con Carne,10.55,4
656,Order Tuna Tartare,13.97,2
657,Certain Cobb Salad,14.09,4
658,Nothing French Toast,14.14,6
659,Experience Crispy Duck,49.31,10
660,Set Vegan Burrito,33.46,10
661,Information Pumpkin Soup,41.52,2
662,Member Falafel Wrap,24.91,5
663,Draw Stuffed Peppers,17.48,4
664,Magazine Club Sandwich,5.56,9
665,Cultural Caesar Salad,13.93,10
666,Couple Lamb Chops,20.84,3
667,Scientist Veggie Pizza,26.19,9
668,Dream Pasta Alfredo,31.83,2
669,From Sushi Roll,39.98,10
670,This BBQ Ribs,45.83,5
671,System Pumpkin Soup,12.67,2
672,Occur Sushi Roll,11.03,7
673,Collection Pasta Alfredo,40.48,4
674,Important Lamb Chops,43.79,3
675,Carry Club Sandwich,35.77,10
676,Whose Cheeseburger,14.36,1
677,Doctor Fish Tacos,20.45,6
678,Build Cheeseburger,47.0,7
679,People Falafel Wrap,23.03,5
680,Him Cheeseburger,6.96,10
681,Before Fish Tacos,47.42,4
682,Write Shrimp Tempura,17.55,8
683,Discover Fish Tacos,12.36,3
684,Pressure Cheeseburger,8.0,6
685,Worry Lamb Chops,43.63,10
686,Center Baked Salmon,44.38,6
687,Majority Chicken Tikka Masala,43.28,7
688,Too Miso Soup,28.2,2
689,Finally Cheeseburger,44.27,4
690,Few French Toast,39.36,10
691,Myself Caesar Salad,28.73,1
692,Eight Baked Salmon,33.36,1
693,International Chicken Tikka Masala,19.13,6
694,First Ramen Noodles,39.83,10
695,Build Pad Thai,18.01,7
696,Dream Tomato Soup,21.91,5
697,Firm Sushi Roll,49.77,3
698,Although Pad Thai,41.2,3
699,Character French Toast,41.69,2
700,Generation Falafel Wrap,23.82,3
701,Marriage Club Sandwich,15.27,6
702,Guy Sushi Roll,25.31,5
703,Land Shrimp Tempura,5.0,7
704,Public Grilled Chicken,44.97,2
705,Best Fish Tacos,46.06,7
706,Different Stuffed Peppers,12.7,2
707,Effect Pumpkin Soup,31.62,9
708,Little Spaghetti Bolognese,31.27,2
709,Be Ramen Noodles,48.04,6
710,Together BBQ Ribs,34.66,4
711,Kitchen Chicken Tikka Masala,19.41,2
712,Window Spaghetti Bolognese,9.81,3
713,Could Crispy Duck,40.98,9
714,These Spaghetti Bolognese,36.0,4
715,Red Miso Soup,25.88,10
716,Important Tuna Tartare,5.63,3
717,Miss Vegan Burrito,34.69,8
718,Feel Fish Tacos,31.41,3
719,Media Veggie Pizza,37.22,10
720,Within French Toast,47.62,2
721,Small Lamb Chops,26.28,8
722,Tax Ramen Noodles,42.88,2
723,Quite Miso Soup,21.43,5
724,Fire Club Sandwich,9.45,1
725,Enter Beef Steak,49.93,9
726,Data Crispy Duck,36.34,2
727,Table Tuna Tartare,30.65,1
728,Production Cobb Salad,23.64,2
729,Direction Chicken Tikka Masala,18.41,10
730,Prepare Fish Tacos,29.56,5
731,Government Falafel Wrap,28.96,4
732,Season Pad Thai,14.44,10
733,Require Spaghetti Bolognese,8.7,2
734,Turn Tuna Tartare,16.99,9
735,Open Lamb Chops,36.91,9
736,Animal Vegan Burrito,30.86,6
737,Meet Club Sandwich,23.08,2
738,Peace Cheeseburger,49.1,7
739,Through French Toast,26.21,3
740,Although Pasta Alfredo,12.58,3
741,Left Tuna Tartare,34.45,4
742,Training Crispy Duck,33.04,10
743,Language Cobb Salad,21.21,7
744,Specific Pad Thai,25.01,9
745,Hear Falafel Wrap,17.18,10
746,Test Spaghetti Bolognese,48.75,3
747,Sea Pasta Alfredo,29.42,6
748,Western Shrimp Tempura,41.06,5
749,Only Chili Con Carne,31.8,8
750,Hard Stuffed Peppers,26.57,1
751,Dream French Toast,26.73,3
752,Other Shrimp Tempura,15.47,10
753,Care BBQ Ribs,26.92,2
754,Play Veggie Pizza,36.86,5
755,Rule Lamb Chops,33.55,10
756,Claim Shrimp Tempura,28.23,9
757,Cup Vegan Burrito,6.97,5
758,Project Spaghetti Bolognese,5.28,6
759,A Pancake Stack,20.41,8
760,Culture Cobb Salad,21.8,1
761,Area Chicken Tikka Masala,20.91,7
762,Will Miso Soup,34.19,10
763,Back Stuffed Peppers,45.24,7
764,Sell Shrimp Tempura,40.48,1
765,Report Chili Con Carne,11.92,5
766,Official Crispy Duck,10.66,3
767,Other Miso Soup,28.07,3
768,High Pad Thai,40.67,3
769,Sometimes Beef Steak,35.02,9
770,President Cobb Salad,7.11,2
771,Stand Chili Con Carne,38.92,7
772,Person Spaghetti Bolognese,22.67,10
773,Industry Crispy Duck,44.69,10
774,Some Vegan Burrito,24.85,9
775,Well Beef Steak,22.41,3
776,Example Pancake Stack,21.27,1
777,Reflect BBQ Ribs,30.84,9
778,Me Falafel Wrap,16.52,2
779,Do Cheeseburger,11.36,7
780,Reveal Veggie Pizza,6.83,3
781,Another Caesar Salad,34.85,3
782,Medical Caesar Salad,21.27,3
783,Pm Pasta Alfredo,48.37,2
784,Sport Fish Tacos,48.68,4
785,Half Vegan Burrito,40.63,1
786,Throw Beef Steak,37.43,9
787,Beyond Lamb Chops,17.3,3
788,Management Veggie Pizza,22.04,2
789,Young Ramen Noodles,44.08,9
790,Avoid Baked Salmon,48.74,7
791,Employee Chili Con Carne,24.28,7
792,Agent Pasta Alfredo,44.84,8
793,Century Baked Salmon,30.81,2
794,Boy Ramen Noodles,30.66,10
795,Trade Cobb Salad,37.8,7
796,Appear Tuna Tartare,46.66,6
797,Life Ramen Noodles,31.83,5
798,Couple Crispy Duck,45.72,10
799,Sound Baked Salmon,5.58,2
800,Although Crispy Duck,25.24,5
801,Within Lamb Chops,31.12,8
802,Action Caesar Salad,33.49,2
803,Especially Cobb Salad,5.34,9
804,Technology Crispy Duck,32.16,3
805,Red Sushi Roll,47.88,8
806,Left Falafel Wrap,31.43,5
807,Key Lamb Chops,33.41,2
808,Out Vegan Burrito,24.38,5
809,Camera Lamb Chops,15.75,4
810,None Vegan Burrito,23.55,3
811,Pay Miso Soup,8.71,10
812,Magazine Fish Tacos,47.44,5
813,Happen Shrimp Tempura,39.85,2
814,Meeting Cobb Salad,44.17,3
815,Easy Sushi Roll,20.05,2
816,Guess Chili Con Carne,10.7,3
817,Long Spaghetti Bolognese,47.07,1
818,Edge Cobb Salad,30.97,7
819,Hotel Beef Steak,36.39,6
820,Popular Cobb Salad,41.67,3
821,Real Fish Tacos,18.02,4
822,Stage Ramen Noodles,12.62,1
823,Indeed Pancake Stack,17.57,8
824,Way Shrimp Tempura,27.51,2
825,Allow Pad Thai,19.18,1
826,Nearly Beef Steak,20.13,3
827,Almost Cheeseburger,24.93,2
828,Green Stuffed Peppers,45.68,3
829,Will Veggie Pizza,47.07,7
830,Each Pad Thai,37.84,5
831,Affect Stuffed Peppers,20.75,7
832,Data Pancake Stack,32.46,9
833,Land Caesar Salad,7.51,10
834,Adult French Toast,32.71,10
835,Great Caesar Salad,34.77,1
836,Possible Shrimp Tempura,38.37,6
837,Name Grilled Chicken,8.99,7
838,Thousand Pad Thai,37.89,3
839,Song Pad Thai,36.12,5
840,Partner Baked Salmon,26.11,7
841,Believe Lamb Chops,42.37,6
842,Dinner Tuna Tartare,31.39,7
843,South Ramen Noodles,22.77,4
844,Knowledge Crispy Duck,19.89,5
845,Sound Fish Tacos,45.4,6
846,Page Beef Steak,9.41,5
847,Reason Beef Steak,36.37,7
848,West Chicken Tikka Masala,18.05,7
849,Number Tuna Tartare,5.74,4
850,Current Chili Con Carne,39.79,7
851,Military Baked Salmon,49.69,7
852,Police Tomato Soup,28.33,4
853,Sort Grilled Chicken,30.0,5
854,Do Falafel Wrap,30.97,10
855,Church Crispy Duck,41.06,3
856,Born Fish Tacos,5.66,6
857,Church Chicken Tikka Masala,46.32,1
858,Challenge Veggie Pizza,14.08,3
859,Artist Falafel Wrap,43.02,5
860,Fire French Toast,20.11,9
861,Local Ramen Noodles,47.77,5
862,Employee French Toast,43.46,8
863,Market Baked Salmon,42.85,8
864,Development Shrimp Tempura,45.25,6
865,Identify Beef Steak,18.48,1
866,Laugh Sushi Roll,28.74,6
867,Market Caesar Salad,9.89,8
868,Close Miso Soup,16.67,3
869,Few Crispy Duck,35.84,6
870,Message Sushi Roll,36.68,7
871,Environmental Fish Tacos,29.56,7
872,Soon Vegan Burrito,11.14,8
873,Require Fish Tacos,18.01,8
874,Ready Ramen Noodles,47.86,7
875,Agree Cobb Salad,28.65,1
876,Lawyer Pancake Stack,16.16,4
877,Situation Chicken Tikka Masala,8.26,9
878,Water Miso Soup,10.32,2
879,Chair Grilled Chicken,15.8,7
880,Discussion Tomato Soup,7.73,9
881,Consider Caesar Salad,35.64,4
882,Question Sushi Roll,39.11,9
883,Candidate Shrimp Tempura,46.18,10
884,Black Shrimp Tempura,31.81,2
885,Avoid Pancake Stack,45.07,2
886,Left Chili Con Carne,5.09,7
887,You Chicken Tikka Masala,24.48,3
888,Thank Falafel Wrap,45.54,6
889,Worry Tuna Tartare,24.65,1
890,Red Cobb Salad,7.55,4
891,Most Tuna Tartare,9.32,9
892,He Tuna Tartare,22.64,7
893,Our Fish Tacos,17.84,2
894,Out Caesar Salad,43.73,8
895,Republican Caesar Salad,47.3,8
896,Agree Spaghetti Bolognese,49.73,6
897,Now Club Sandwich,5.47,6
898,Toward French Toast,34.33,8
899,Or Chili Con Carne,6.91,7
900,Marriage Falafel Wrap,23.78,10
901,Raise Tuna Tartare,17.92,9
902,Floor Cobb Salad,29.85,7
903,Production French Toast,27.42,5
904,Deal Pancake Stack,31.3,9
905,Across Vegan Burrito,5.62,3
906,Understand Tuna Tartare,30.94,3
907,Various Tomato Soup,19.54,8
908,Financial Vegan Burrito,23.38,1
909,City Pumpkin Soup,41.81,4
910,Natural Vegan Burrito,41.14,1
911,Develop Stuffed Peppers,10.57,2
912,Again Beef Steak,30.73,10
913,While Vegan Burrito,13.09,2
914,Explain Pumpkin Soup,38.3,7
915,Whatever Pumpkin Soup,36.35,9
916,Coach Chicken Tikka Masala,13.9,8
917,Language Pumpkin Soup,34.1,9
918,Some Chicken Tikka Masala,30.34,4
919,Paper Crispy Duck,5.94,1
920,Film Vegan Burrito,21.61,1
921,Answer Veggie Pizza,27.07,8
922,Talk Stuffed Peppers,26.92,8
923,Process BBQ Ribs,27.18,7
924,Eight Tuna Tartare,46.8,5
925,Better Veggie Pizza,43.29,7
926,For Caesar Salad,12.28,1
927,Hot Tuna Tartare,43.61,2
928,Model Shrimp Tempura,23.34,4
929,Two Pumpkin Soup,19.44,5
930,Worker BBQ Ribs,49.09,8
931,Mind Caesar Salad,15.98,4
932,Whether Pad Thai,45.52,6
933,Down Shrimp Tempura,48.37,3
934,Pull Stuffed Peppers,32.42,8
935,Hour Fish Tacos,10.39,6
936,Carry Lamb Chops,6.72,1
937,Statement BBQ Ribs,36.35,3
938,Treatment Ramen Noodles,32.2,3
939,Rock Chicken Tikka Masala,43.77,2
940,Four Gnocchi Pesto,17.41,8
941,Glass Baked Salmon,32.77,9
942,Care Spaghetti Bolognese,21.8,1
943,Among Pad Thai,25.25,9
944,Ahead Gnocchi Pesto,47.07,7
945,Type Veggie Pizza,46.56,8
946,List Tomato Soup,39.72,5
947,Win Pad Thai,39.83,1
948,Boy Tuna Tartare,35.46,5
949,The French Toast,11.56,1
950,Young Gnocchi Pesto,16.01,4
951,Doctor BBQ Ribs,47.98,8
952,Current Lamb Chops,14.27,6
953,Spring Club Sandwich,22.95,3
954,Upon Vegan Burrito,31.49,6
955,Attorney Pancake Stack,13.28,7
956,Their Vegan Burrito,28.84,6
957,Section Chicken Tikka Masala,48.03,7
958,Inside Pad Thai,37.71,7
959,Stay French Toast,20.87,9
960,Nature Pumpkin Soup,41.07,6
961,Deal Club Sandwich,26.0,2
962,Inside Beef Steak,21.04,4
963,Government Shrimp Tempura,34.91,4
964,Walk BBQ Ribs,38.63,9
965,Citizen Beef Steak,27.05,8
966,Social BBQ Ribs,23.63,8
967,Discussion Cobb Salad,41.4,5
968,Hot Veggie Pizza,15.66,9
969,Enter Veggie Pizza,25.15,9
970,White Caesar Salad,8.34,3
971,Bring French Toast,28.2,10
972,Deep Cobb Salad,11.06,2
973,Might Falafel Wrap,44.07,6
974,Better Lamb Chops,21.64,3
975,Choose Falafel Wrap,17.9,7
976,Over Pasta Alfredo,23.62,10
977,Black Cobb Salad,40.6,5
978,Score Grilled Chicken,18.44,5
979,Local BBQ Ribs,28.97,7
980,Nation Beef Steak,47.44,7
981,Doctor Crispy Duck,17.21,9
982,Half Pumpkin Soup,15.07,7
983,Because Tomato Soup,36.63,4
984,Although Grilled Chicken,33.1,2
985,On Baked Salmon,22.87,9
986,Reason Baked Salmon,17.84,1
987,Health Tuna Tartare,49.14,4
988,Administration Pancake Stack,10.39,5
989,Kid Crispy Duck,28.89,10
990,Business Lamb Chops,40.21,1
991,Responsibility Beef Steak,5.44,10
992,Week Ramen Noodles,9.67,4
993,Large Cobb Salad,16.01,1
994,Design Veggie Pizza,14.15,2
995,Lead Stuffed Peppers,34.77,10
996,Close Chili Con Carne,21.6,10
997,Together Sushi Roll,39.95,4
998,Manager Veggie Pizza,6.45,2
999,American BBQ Ribs,44.3,5
1000,Area BBQ Ribs,46.53,5
